Gmt time,Open,High,Low,Close,Volume
29.12.2020 00:00:00.000,1.28427,1.28432,1.28422,1.28423,29
29.12.2020 00:01:00.000,1.28422,1.28433,1.28421,1.28423,54.87
29.12.2020 00:02:00.000,1.28422,1.28423,1.28407,1.28417,80.62
29.12.2020 00:03:00.000,1.28417,1.28419,1.28407,1.28417,109.78
29.12.2020 00:04:00.000,1.28419,1.28433,1.28417,1.28432,40.35
29.12.2020 00:05:00.000,1.28431,1.28431,1.28420,1.28420,39.74
29.12.2020 00:06:00.000,1.28420,1.28426,1.28419,1.28421,26.56
29.12.2020 00:07:00.000,1.28418,1.28421,1.28410,1.28410,50.98
29.12.2020 00:08:00.000,1.28410,1.28410,1.28388,1.28395,66.94
29.12.2020 00:09:00.000,1.28399,1.28415,1.28399,1.28407,20
29.12.2020 00:10:00.000,1.28404,1.28412,1.28404,1.28411,42.59
29.12.2020 00:11:00.000,1.28407,1.28409,1.28404,1.28405,26.67
29.12.2020 00:12:00.000,1.28404,1.28413,1.28404,1.28405,48.55
29.12.2020 00:13:00.000,1.28406,1.28410,1.28396,1.28410,50.61
29.12.2020 00:14:00.000,1.28408,1.28416,1.28406,1.28409,16.31
29.12.2020 00:15:00.000,1.28408,1.28408,1.28398,1.28403,21
29.12.2020 00:16:00.000,1.28409,1.28420,1.28405,1.28406,31.64
29.12.2020 00:17:00.000,1.28407,1.28408,1.28397,1.28399,21
29.12.2020 00:18:00.000,1.28398,1.28401,1.28392,1.28400,28.61
29.12.2020 00:19:00.000,1.28400,1.28421,1.28399,1.28421,20.5
29.12.2020 00:20:00.000,1.28414,1.28422,1.28414,1.28421,18.1
29.12.2020 00:21:00.000,1.28415,1.28419,1.28413,1.28414,16
29.12.2020 00:22:00.000,1.28413,1.28414,1.28411,1.28413,25.24
29.12.2020 00:23:00.000,1.28409,1.28418,1.28402,1.28415,33.37
29.12.2020 00:24:00.000,1.28414,1.28422,1.28408,1.28421,35.45
29.12.2020 00:25:00.000,1.28421,1.28422,1.28421,1.28421,4
29.12.2020 00:26:00.000,1.28418,1.28423,1.28418,1.28421,44.32
29.12.2020 00:27:00.000,1.28421,1.28423,1.28419,1.28419,10.9
29.12.2020 00:28:00.000,1.28418,1.28418,1.28404,1.28407,25.95
29.12.2020 00:29:00.000,1.28406,1.28406,1.28404,1.28405,19.37
29.12.2020 00:30:00.000,1.28404,1.28406,1.28395,1.28395,17.91
29.12.2020 00:31:00.000,1.28396,1.28397,1.28395,1.28396,10.87
29.12.2020 00:32:00.000,1.28397,1.28397,1.28388,1.28390,45.27
29.12.2020 00:33:00.000,1.28389,1.28392,1.28378,1.28381,29.56
29.12.2020 00:34:00.000,1.28379,1.28384,1.28370,1.28370,31.26
29.12.2020 00:35:00.000,1.28365,1.28370,1.28361,1.28362,33.54
29.12.2020 00:36:00.000,1.28362,1.28379,1.28362,1.28379,17.57
29.12.2020 00:37:00.000,1.28376,1.28376,1.28369,1.28369,12.6
29.12.2020 00:38:00.000,1.28370,1.28370,1.28360,1.28370,39.91
29.12.2020 00:39:00.000,1.28370,1.28381,1.28368,1.28372,31.2
29.12.2020 00:40:00.000,1.28373,1.28374,1.28370,1.28374,18.95
29.12.2020 00:41:00.000,1.28373,1.28373,1.28372,1.28373,3.3
29.12.2020 00:42:00.000,1.28376,1.28387,1.28376,1.28387,13.2
29.12.2020 00:43:00.000,1.28383,1.28386,1.28377,1.28378,31.02
29.12.2020 00:44:00.000,1.28378,1.28391,1.28378,1.28389,66.76
29.12.2020 00:45:00.000,1.28393,1.28396,1.28387,1.28389,27.53
29.12.2020 00:46:00.000,1.28393,1.28396,1.28389,1.28394,40.29
29.12.2020 00:47:00.000,1.28395,1.28404,1.28394,1.28404,22.08
29.12.2020 00:48:00.000,1.28403,1.28404,1.28398,1.28403,8.7
29.12.2020 00:49:00.000,1.28399,1.28399,1.28394,1.28396,17.14
29.12.2020 00:50:00.000,1.28402,1.28409,1.28402,1.28405,25.89
29.12.2020 00:51:00.000,1.28405,1.28411,1.28405,1.28411,5.4
29.12.2020 00:52:00.000,1.28412,1.28418,1.28412,1.28418,12.94
29.12.2020 00:53:00.000,1.28418,1.28423,1.28404,1.28411,44.2
29.12.2020 00:54:00.000,1.28412,1.28425,1.28394,1.28394,85.62
29.12.2020 00:55:00.000,1.28393,1.28420,1.28393,1.28417,59.29
29.12.2020 00:56:00.000,1.28418,1.28419,1.28411,1.28418,35.75
29.12.2020 00:57:00.000,1.28417,1.28421,1.28417,1.28420,15.1
29.12.2020 00:58:00.000,1.28421,1.28429,1.28419,1.28427,28.5
29.12.2020 00:59:00.000,1.28428,1.28430,1.28427,1.28428,14.17
29.12.2020 01:00:00.000,1.28428,1.28429,1.28408,1.28414,28.05
29.12.2020 01:01:00.000,1.28413,1.28413,1.28400,1.28405,51.36
29.12.2020 01:02:00.000,1.28405,1.28415,1.28402,1.28406,56.3
29.12.2020 01:03:00.000,1.28405,1.28419,1.28404,1.28413,18.49
29.12.2020 01:04:00.000,1.28410,1.28410,1.28402,1.28403,27.55
29.12.2020 01:05:00.000,1.28406,1.28408,1.28403,1.28405,20.85
29.12.2020 01:06:00.000,1.28404,1.28405,1.28397,1.28398,25.07
29.12.2020 01:07:00.000,1.28396,1.28403,1.28393,1.28396,44.53
29.12.2020 01:08:00.000,1.28398,1.28400,1.28387,1.28387,21.31
29.12.2020 01:09:00.000,1.28389,1.28389,1.28384,1.28384,5.57
29.12.2020 01:10:00.000,1.28383,1.28383,1.28360,1.28360,46.42
29.12.2020 01:11:00.000,1.28360,1.28384,1.28360,1.28384,27.84
29.12.2020 01:12:00.000,1.28383,1.28386,1.28376,1.28381,24.88
29.12.2020 01:13:00.000,1.28384,1.28391,1.28384,1.28388,10.57
29.12.2020 01:14:00.000,1.28389,1.28389,1.28388,1.28389,9.5
29.12.2020 01:15:00.000,1.28388,1.28393,1.28388,1.28388,22.81
29.12.2020 01:16:00.000,1.28381,1.28393,1.28380,1.28387,27.74
29.12.2020 01:17:00.000,1.28390,1.28392,1.28388,1.28389,20.15
29.12.2020 01:18:00.000,1.28388,1.28388,1.28380,1.28387,25.8
29.12.2020 01:19:00.000,1.28389,1.28389,1.28388,1.28388,2.5
29.12.2020 01:20:00.000,1.28384,1.28387,1.28356,1.28364,38.8
29.12.2020 01:21:00.000,1.28363,1.28371,1.28356,1.28359,46.55
29.12.2020 01:22:00.000,1.28357,1.28361,1.28351,1.28354,33.66
29.12.2020 01:23:00.000,1.28356,1.28372,1.28355,1.28372,48.39
29.12.2020 01:24:00.000,1.28371,1.28372,1.28367,1.28367,14.2
29.12.2020 01:25:00.000,1.28365,1.28365,1.28358,1.28363,28.25
29.12.2020 01:26:00.000,1.28361,1.28361,1.28354,1.28354,23.32
29.12.2020 01:27:00.000,1.28355,1.28362,1.28351,1.28362,36.82
29.12.2020 01:28:00.000,1.28360,1.28363,1.28354,1.28354,18.7
29.12.2020 01:29:00.000,1.28354,1.28363,1.28354,1.28358,39.41
29.12.2020 01:30:00.000,1.28355,1.28364,1.28354,1.28354,28.14
29.12.2020 01:31:00.000,1.28355,1.28358,1.28354,1.28356,14.34
29.12.2020 01:32:00.000,1.28355,1.28363,1.28351,1.28354,27.47
29.12.2020 01:33:00.000,1.28354,1.28361,1.28353,1.28358,29.76
29.12.2020 01:34:00.000,1.28361,1.28362,1.28359,1.28361,10.27
29.12.2020 01:35:00.000,1.28358,1.28363,1.28354,1.28359,27.86
29.12.2020 01:36:00.000,1.28359,1.28361,1.28347,1.28347,50.73
29.12.2020 01:37:00.000,1.28349,1.28358,1.28347,1.28358,36.86
29.12.2020 01:38:00.000,1.28356,1.28360,1.28353,1.28356,47.49
29.12.2020 01:39:00.000,1.28354,1.28357,1.28353,1.28355,31.8
29.12.2020 01:40:00.000,1.28353,1.28358,1.28353,1.28356,60.08
29.12.2020 01:41:00.000,1.28355,1.28358,1.28353,1.28357,42.85
29.12.2020 01:42:00.000,1.28358,1.28358,1.28348,1.28349,24.84
29.12.2020 01:43:00.000,1.28351,1.28353,1.28350,1.28352,10.3
29.12.2020 01:44:00.000,1.28351,1.28357,1.28351,1.28356,11.9
29.12.2020 01:45:00.000,1.28355,1.28357,1.28323,1.28323,52.13
29.12.2020 01:46:00.000,1.28326,1.28332,1.28318,1.28318,32.03
29.12.2020 01:47:00.000,1.28319,1.28334,1.28319,1.28334,44.72
29.12.2020 01:48:00.000,1.28334,1.28334,1.28318,1.28332,40.34
29.12.2020 01:49:00.000,1.28332,1.28339,1.28332,1.28338,34.91
29.12.2020 01:50:00.000,1.28341,1.28341,1.28324,1.28327,57.46
29.12.2020 01:51:00.000,1.28328,1.28342,1.28328,1.28342,21.15
29.12.2020 01:52:00.000,1.28341,1.28342,1.28338,1.28340,33.88
29.12.2020 01:53:00.000,1.28340,1.28340,1.28325,1.28325,41.62
29.12.2020 01:54:00.000,1.28326,1.28334,1.28325,1.28331,35.37
29.12.2020 01:55:00.000,1.28331,1.28339,1.28322,1.28332,61.42
29.12.2020 01:56:00.000,1.28333,1.28341,1.28328,1.28340,42.75
29.12.2020 01:57:00.000,1.28339,1.28341,1.28321,1.28322,40.24
29.12.2020 01:58:00.000,1.28321,1.28329,1.28318,1.28329,37.88
29.12.2020 01:59:00.000,1.28333,1.28350,1.28333,1.28341,59.24
29.12.2020 02:00:00.000,1.28346,1.28366,1.28346,1.28364,67.12
29.12.2020 02:01:00.000,1.28364,1.28371,1.28354,1.28366,80.31
29.12.2020 02:02:00.000,1.28367,1.28372,1.28365,1.28369,37.51
29.12.2020 02:03:00.000,1.28367,1.28380,1.28367,1.28378,33.05
29.12.2020 02:04:00.000,1.28379,1.28384,1.28377,1.28377,17.79
29.12.2020 02:05:00.000,1.28376,1.28378,1.28374,1.28378,18.6
29.12.2020 02:06:00.000,1.28377,1.28378,1.28362,1.28362,33.23
29.12.2020 02:07:00.000,1.28366,1.28367,1.28363,1.28363,7.5
29.12.2020 02:08:00.000,1.28364,1.28364,1.28354,1.28360,46.22
29.12.2020 02:09:00.000,1.28361,1.28361,1.28340,1.28346,39.56
29.12.2020 02:10:00.000,1.28351,1.28355,1.28338,1.28338,23.37
29.12.2020 02:11:00.000,1.28337,1.28338,1.28322,1.28331,43.5
29.12.2020 02:12:00.000,1.28331,1.28338,1.28331,1.28336,30
29.12.2020 02:13:00.000,1.28339,1.28341,1.28335,1.28338,23.25
29.12.2020 02:14:00.000,1.28339,1.28347,1.28339,1.28346,6
29.12.2020 02:15:00.000,1.28344,1.28345,1.28337,1.28340,14
29.12.2020 02:16:00.000,1.28338,1.28348,1.28331,1.28331,33.62
29.12.2020 02:17:00.000,1.28332,1.28342,1.28330,1.28335,27
29.12.2020 02:18:00.000,1.28335,1.28335,1.28327,1.28328,14.12
29.12.2020 02:19:00.000,1.28329,1.28331,1.28327,1.28330,14
29.12.2020 02:20:00.000,1.28330,1.28339,1.28329,1.28329,20.57
29.12.2020 02:21:00.000,1.28328,1.28331,1.28323,1.28330,28.99
29.12.2020 02:22:00.000,1.28331,1.28339,1.28327,1.28335,43.56
29.12.2020 02:23:00.000,1.28337,1.28342,1.28337,1.28338,14.86
29.12.2020 02:24:00.000,1.28339,1.28341,1.28337,1.28337,20.9
29.12.2020 02:25:00.000,1.28337,1.28338,1.28337,1.28338,5.27
29.12.2020 02:26:00.000,1.28341,1.28342,1.28337,1.28338,19.31
29.12.2020 02:27:00.000,1.28343,1.28344,1.28321,1.28322,31.82
29.12.2020 02:28:00.000,1.28320,1.28321,1.28320,1.28321,46.03
29.12.2020 02:29:00.000,1.28320,1.28320,1.28315,1.28317,16.56
29.12.2020 02:30:00.000,1.28318,1.28320,1.28314,1.28316,53.28
29.12.2020 02:31:00.000,1.28314,1.28318,1.28303,1.28307,55.51
29.12.2020 02:32:00.000,1.28304,1.28310,1.28304,1.28308,28.71
29.12.2020 02:33:00.000,1.28307,1.28310,1.28304,1.28308,19.77
29.12.2020 02:34:00.000,1.28310,1.28310,1.28303,1.28307,30.89
29.12.2020 02:35:00.000,1.28307,1.28311,1.28304,1.28311,21.99
29.12.2020 02:36:00.000,1.28312,1.28315,1.28304,1.28308,35.37
29.12.2020 02:37:00.000,1.28312,1.28312,1.28303,1.28303,7.24
29.12.2020 02:38:00.000,1.28303,1.28305,1.28295,1.28304,30.25
29.12.2020 02:39:00.000,1.28302,1.28302,1.28294,1.28295,14.12
29.12.2020 02:40:00.000,1.28294,1.28294,1.28283,1.28284,42.59
29.12.2020 02:41:00.000,1.28283,1.28283,1.28261,1.28271,38.83
29.12.2020 02:42:00.000,1.28270,1.28281,1.28266,1.28281,29
29.12.2020 02:43:00.000,1.28282,1.28290,1.28282,1.28287,19.32
29.12.2020 02:44:00.000,1.28288,1.28293,1.28280,1.28288,42.88
29.12.2020 02:45:00.000,1.28288,1.28289,1.28285,1.28287,11.97
29.12.2020 02:46:00.000,1.28289,1.28311,1.28286,1.28308,35.17
29.12.2020 02:47:00.000,1.28306,1.28313,1.28305,1.28312,19.75
29.12.2020 02:48:00.000,1.28313,1.28317,1.28303,1.28308,32.76
29.12.2020 02:49:00.000,1.28306,1.28307,1.28299,1.28301,25.74
29.12.2020 02:50:00.000,1.28299,1.28307,1.28299,1.28303,28.79
29.12.2020 02:51:00.000,1.28303,1.28305,1.28296,1.28297,28.31
29.12.2020 02:52:00.000,1.28296,1.28302,1.28294,1.28301,17.96
29.12.2020 02:53:00.000,1.28302,1.28306,1.28300,1.28305,31.78
29.12.2020 02:54:00.000,1.28304,1.28304,1.28297,1.28300,17.03
29.12.2020 02:55:00.000,1.28302,1.28307,1.28302,1.28304,16
29.12.2020 02:56:00.000,1.28304,1.28305,1.28291,1.28291,18.35
29.12.2020 02:57:00.000,1.28292,1.28292,1.28284,1.28287,28.97
29.12.2020 02:58:00.000,1.28288,1.28295,1.28286,1.28293,50.37
29.12.2020 02:59:00.000,1.28293,1.28304,1.28293,1.28300,25.47
29.12.2020 03:00:00.000,1.28300,1.28305,1.28293,1.28301,104.12
29.12.2020 03:01:00.000,1.28301,1.28302,1.28289,1.28299,53.71
29.12.2020 03:02:00.000,1.28294,1.28306,1.28293,1.28304,50.5
29.12.2020 03:03:00.000,1.28304,1.28311,1.28295,1.28303,25.84
29.12.2020 03:04:00.000,1.28303,1.28312,1.28302,1.28304,30.84
29.12.2020 03:05:00.000,1.28306,1.28310,1.28302,1.28309,20.22
29.12.2020 03:06:00.000,1.28309,1.28309,1.28292,1.28297,28.19
29.12.2020 03:07:00.000,1.28292,1.28298,1.28285,1.28287,57.5
29.12.2020 03:08:00.000,1.28281,1.28286,1.28278,1.28286,19.27
29.12.2020 03:09:00.000,1.28289,1.28291,1.28282,1.28285,31.3
29.12.2020 03:10:00.000,1.28285,1.28289,1.28284,1.28285,18.52
29.12.2020 03:11:00.000,1.28284,1.28288,1.28281,1.28283,29.23
29.12.2020 03:12:00.000,1.28286,1.28291,1.28283,1.28284,30.84
29.12.2020 03:13:00.000,1.28287,1.28292,1.28284,1.28284,33.05
29.12.2020 03:14:00.000,1.28283,1.28294,1.28283,1.28294,42.53
29.12.2020 03:15:00.000,1.28298,1.28302,1.28293,1.28301,44.92
29.12.2020 03:16:00.000,1.28300,1.28301,1.28298,1.28300,41.14
29.12.2020 03:17:00.000,1.28299,1.28301,1.28286,1.28293,49.6
29.12.2020 03:18:00.000,1.28295,1.28296,1.28292,1.28293,49.97
29.12.2020 03:19:00.000,1.28294,1.28295,1.28292,1.28292,31.14
29.12.2020 03:20:00.000,1.28292,1.28293,1.28292,1.28293,14.62
29.12.2020 03:21:00.000,1.28292,1.28292,1.28285,1.28285,21.47
29.12.2020 03:22:00.000,1.28286,1.28299,1.28285,1.28285,32.09
29.12.2020 03:23:00.000,1.28283,1.28283,1.28276,1.28282,20.43
29.12.2020 03:24:00.000,1.28281,1.28282,1.28276,1.28276,33.63
29.12.2020 03:25:00.000,1.28278,1.28285,1.28269,1.28276,34.92
29.12.2020 03:26:00.000,1.28278,1.28278,1.28268,1.28269,18.57
29.12.2020 03:27:00.000,1.28269,1.28270,1.28267,1.28267,22.82
29.12.2020 03:28:00.000,1.28269,1.28273,1.28262,1.28270,23.69
29.12.2020 03:29:00.000,1.28271,1.28277,1.28267,1.28268,30.81
29.12.2020 03:30:00.000,1.28271,1.28271,1.28271,1.28271,1
29.12.2020 03:31:00.000,1.28271,1.28271,1.28270,1.28270,2
29.12.2020 03:32:00.000,1.28275,1.28281,1.28270,1.28271,28.1
29.12.2020 03:33:00.000,1.28269,1.28272,1.28262,1.28270,24.8
29.12.2020 03:34:00.000,1.28271,1.28271,1.28263,1.28268,18.09
29.12.2020 03:35:00.000,1.28269,1.28271,1.28263,1.28265,11.97
29.12.2020 03:36:00.000,1.28269,1.28276,1.28263,1.28269,31.96
29.12.2020 03:37:00.000,1.28264,1.28272,1.28263,1.28272,17.5
29.12.2020 03:38:00.000,1.28275,1.28280,1.28272,1.28279,12.57
29.12.2020 03:39:00.000,1.28279,1.28279,1.28278,1.28278,4.2
29.12.2020 03:40:00.000,1.28279,1.28279,1.28264,1.28264,14.9
29.12.2020 03:41:00.000,1.28264,1.28281,1.28264,1.28279,34.12
29.12.2020 03:42:00.000,1.28279,1.28279,1.28277,1.28277,2
29.12.2020 03:43:00.000,1.28278,1.28278,1.28277,1.28277,2.57
29.12.2020 03:44:00.000,1.28277,1.28277,1.28269,1.28269,8.97
29.12.2020 03:45:00.000,1.28266,1.28266,1.28262,1.28262,14.92
29.12.2020 03:46:00.000,1.28265,1.28269,1.28262,1.28267,11.52
29.12.2020 03:47:00.000,1.28269,1.28275,1.28269,1.28275,10.88
29.12.2020 03:48:00.000,1.28273,1.28273,1.28270,1.28270,7
29.12.2020 03:49:00.000,1.28270,1.28270,1.28262,1.28268,52.28
29.12.2020 03:50:00.000,1.28268,1.28269,1.28268,1.28269,5.81
29.12.2020 03:51:00.000,1.28269,1.28273,1.28268,1.28270,20.32
29.12.2020 03:52:00.000,1.28268,1.28271,1.28263,1.28263,25.15
29.12.2020 03:53:00.000,1.28262,1.28271,1.28262,1.28262,22.37
29.12.2020 03:54:00.000,1.28262,1.28265,1.28262,1.28262,13.2
29.12.2020 03:55:00.000,1.28264,1.28269,1.28255,1.28255,23.77
29.12.2020 03:56:00.000,1.28257,1.28260,1.28244,1.28246,36.78
29.12.2020 03:57:00.000,1.28246,1.28247,1.28241,1.28246,29.99
29.12.2020 03:58:00.000,1.28246,1.28247,1.28243,1.28245,18.11
29.12.2020 03:59:00.000,1.28245,1.28250,1.28244,1.28245,19.38
29.12.2020 04:00:00.000,1.28248,1.28260,1.28246,1.28256,25.77
29.12.2020 04:01:00.000,1.28254,1.28260,1.28254,1.28258,12.13
29.12.2020 04:02:00.000,1.28258,1.28261,1.28256,1.28259,37.86
29.12.2020 04:03:00.000,1.28260,1.28262,1.28260,1.28262,13.36
29.12.2020 04:04:00.000,1.28261,1.28270,1.28261,1.28262,32.32
29.12.2020 04:05:00.000,1.28263,1.28271,1.28263,1.28263,35.57
29.12.2020 04:06:00.000,1.28264,1.28264,1.28259,1.28261,15.27
29.12.2020 04:07:00.000,1.28263,1.28264,1.28262,1.28263,10
29.12.2020 04:08:00.000,1.28263,1.28269,1.28263,1.28263,18.04
29.12.2020 04:09:00.000,1.28262,1.28272,1.28261,1.28268,19.5
29.12.2020 04:10:00.000,1.28269,1.28271,1.28264,1.28264,11.27
29.12.2020 04:11:00.000,1.28264,1.28264,1.28257,1.28264,23.81
29.12.2020 04:12:00.000,1.28264,1.28267,1.28253,1.28266,25.87
29.12.2020 04:13:00.000,1.28267,1.28271,1.28264,1.28270,35
29.12.2020 04:14:00.000,1.28273,1.28273,1.28270,1.28273,5
29.12.2020 04:15:00.000,1.28273,1.28273,1.28273,1.28273,0
29.12.2020 04:16:00.000,1.28273,1.28273,1.28273,1.28273,0
29.12.2020 04:17:00.000,1.28273,1.28275,1.28270,1.28274,12
29.12.2020 04:18:00.000,1.28273,1.28273,1.28265,1.28266,15
29.12.2020 04:19:00.000,1.28266,1.28270,1.28264,1.28265,10
29.12.2020 04:20:00.000,1.28267,1.28289,1.28267,1.28282,27.85
29.12.2020 04:21:00.000,1.28285,1.28286,1.28278,1.28281,23
29.12.2020 04:22:00.000,1.28280,1.28283,1.28279,1.28281,15
29.12.2020 04:23:00.000,1.28282,1.28286,1.28276,1.28276,17
29.12.2020 04:24:00.000,1.28281,1.28281,1.28277,1.28280,9
29.12.2020 04:25:00.000,1.28282,1.28288,1.28281,1.28281,11
29.12.2020 04:26:00.000,1.28283,1.28283,1.28278,1.28282,19
29.12.2020 04:27:00.000,1.28281,1.28282,1.28280,1.28280,7
29.12.2020 04:28:00.000,1.28280,1.28280,1.28280,1.28280,0
29.12.2020 04:29:00.000,1.28281,1.28282,1.28281,1.28281,8
29.12.2020 04:30:00.000,1.28282,1.28282,1.28282,1.28282,1
29.12.2020 04:31:00.000,1.28282,1.28283,1.28281,1.28283,4
29.12.2020 04:32:00.000,1.28281,1.28282,1.28281,1.28281,6
29.12.2020 04:33:00.000,1.28274,1.28274,1.28272,1.28274,8
29.12.2020 04:34:00.000,1.28273,1.28276,1.28272,1.28274,13
29.12.2020 04:35:00.000,1.28275,1.28276,1.28270,1.28272,14
29.12.2020 04:36:00.000,1.28275,1.28276,1.28266,1.28270,23.5
29.12.2020 04:37:00.000,1.28264,1.28265,1.28263,1.28264,7
29.12.2020 04:38:00.000,1.28263,1.28264,1.28260,1.28264,20.5
29.12.2020 04:39:00.000,1.28261,1.28264,1.28261,1.28264,10
29.12.2020 04:40:00.000,1.28265,1.28265,1.28259,1.28261,15
29.12.2020 04:41:00.000,1.28258,1.28263,1.28257,1.28257,10.5
29.12.2020 04:42:00.000,1.28257,1.28263,1.28256,1.28257,16.7
29.12.2020 04:43:00.000,1.28256,1.28257,1.28256,1.28257,4
29.12.2020 04:44:00.000,1.28258,1.28262,1.28258,1.28260,13.5
29.12.2020 04:45:00.000,1.28259,1.28260,1.28255,1.28258,10.67
29.12.2020 04:46:00.000,1.28256,1.28261,1.28254,1.28254,25.33
29.12.2020 04:47:00.000,1.28256,1.28264,1.28255,1.28262,35.39
29.12.2020 04:48:00.000,1.28262,1.28266,1.28254,1.28263,39.12
29.12.2020 04:49:00.000,1.28262,1.28264,1.28262,1.28263,9
29.12.2020 04:50:00.000,1.28263,1.28265,1.28263,1.28263,13.07
29.12.2020 04:51:00.000,1.28264,1.28264,1.28262,1.28262,5.1
29.12.2020 04:52:00.000,1.28262,1.28263,1.28262,1.28263,4.14
29.12.2020 04:53:00.000,1.28267,1.28267,1.28263,1.28264,26.05
29.12.2020 04:54:00.000,1.28264,1.28265,1.28253,1.28253,21.74
29.12.2020 04:55:00.000,1.28255,1.28262,1.28254,1.28260,30.53
29.12.2020 04:56:00.000,1.28260,1.28261,1.28257,1.28260,10.37
29.12.2020 04:57:00.000,1.28260,1.28262,1.28254,1.28261,10.24
29.12.2020 04:58:00.000,1.28261,1.28267,1.28256,1.28256,26.43
29.12.2020 04:59:00.000,1.28255,1.28269,1.28255,1.28263,23.74
29.12.2020 05:00:00.000,1.28264,1.28266,1.28261,1.28262,14.29
29.12.2020 05:01:00.000,1.28261,1.28266,1.28260,1.28263,20.49
29.12.2020 05:02:00.000,1.28267,1.28270,1.28264,1.28269,24.24
29.12.2020 05:03:00.000,1.28269,1.28277,1.28269,1.28271,12.91
29.12.2020 05:04:00.000,1.28271,1.28293,1.28271,1.28291,43.14
29.12.2020 05:05:00.000,1.28289,1.28295,1.28287,1.28295,17.66
29.12.2020 05:06:00.000,1.28296,1.28297,1.28289,1.28289,13.67
29.12.2020 05:07:00.000,1.28286,1.28289,1.28285,1.28286,21.52
29.12.2020 05:08:00.000,1.28284,1.28288,1.28283,1.28283,26.42
29.12.2020 05:09:00.000,1.28281,1.28282,1.28278,1.28281,11.5
29.12.2020 05:10:00.000,1.28280,1.28282,1.28271,1.28278,18.94
29.12.2020 05:11:00.000,1.28279,1.28279,1.28270,1.28273,33.82
29.12.2020 05:12:00.000,1.28272,1.28273,1.28272,1.28272,12
29.12.2020 05:13:00.000,1.28273,1.28278,1.28268,1.28276,16
29.12.2020 05:14:00.000,1.28278,1.28281,1.28278,1.28281,10.25
29.12.2020 05:15:00.000,1.28282,1.28282,1.28282,1.28282,1.5
29.12.2020 05:16:00.000,1.28280,1.28284,1.28276,1.28280,38
29.12.2020 05:17:00.000,1.28280,1.28281,1.28272,1.28272,20.25
29.12.2020 05:18:00.000,1.28273,1.28287,1.28273,1.28280,36.25
29.12.2020 05:19:00.000,1.28280,1.28288,1.28280,1.28288,17.75
29.12.2020 05:20:00.000,1.28288,1.28290,1.28288,1.28290,12
29.12.2020 05:21:00.000,1.28290,1.28297,1.28290,1.28296,19.75
29.12.2020 05:22:00.000,1.28296,1.28296,1.28288,1.28288,19
29.12.2020 05:23:00.000,1.28288,1.28289,1.28288,1.28288,10
29.12.2020 05:24:00.000,1.28289,1.28290,1.28288,1.28288,6
29.12.2020 05:25:00.000,1.28288,1.28289,1.28284,1.28286,21
29.12.2020 05:26:00.000,1.28287,1.28287,1.28279,1.28282,30
29.12.2020 05:27:00.000,1.28282,1.28282,1.28263,1.28263,26.5
29.12.2020 05:28:00.000,1.28262,1.28267,1.28261,1.28265,18.5
29.12.2020 05:29:00.000,1.28263,1.28269,1.28256,1.28256,17.14
29.12.2020 05:30:00.000,1.28259,1.28261,1.28253,1.28253,27.33
29.12.2020 05:31:00.000,1.28255,1.28261,1.28253,1.28260,17.2
29.12.2020 05:32:00.000,1.28261,1.28269,1.28261,1.28265,7
29.12.2020 05:33:00.000,1.28264,1.28265,1.28257,1.28258,20.57
29.12.2020 05:34:00.000,1.28255,1.28260,1.28253,1.28257,32.54
29.12.2020 05:35:00.000,1.28257,1.28259,1.28252,1.28257,22.45
29.12.2020 05:36:00.000,1.28255,1.28258,1.28252,1.28257,11.43
29.12.2020 05:37:00.000,1.28255,1.28257,1.28253,1.28256,18.69
29.12.2020 05:38:00.000,1.28257,1.28260,1.28254,1.28260,11.06
29.12.2020 05:39:00.000,1.28262,1.28264,1.28261,1.28262,24.74
29.12.2020 05:40:00.000,1.28266,1.28269,1.28262,1.28266,19.59
29.12.2020 05:41:00.000,1.28266,1.28268,1.28262,1.28267,27.95
29.12.2020 05:42:00.000,1.28268,1.28272,1.28266,1.28267,11.57
29.12.2020 05:43:00.000,1.28268,1.28270,1.28267,1.28268,8
29.12.2020 05:44:00.000,1.28263,1.28264,1.28262,1.28263,13.52
29.12.2020 05:45:00.000,1.28265,1.28270,1.28263,1.28270,27.33
29.12.2020 05:46:00.000,1.28269,1.28273,1.28262,1.28270,37.51
29.12.2020 05:47:00.000,1.28272,1.28280,1.28272,1.28278,25.43
29.12.2020 05:48:00.000,1.28278,1.28286,1.28272,1.28272,51.41
29.12.2020 05:49:00.000,1.28272,1.28273,1.28267,1.28269,18.81
29.12.2020 05:50:00.000,1.28270,1.28274,1.28269,1.28270,9.69
29.12.2020 05:51:00.000,1.28273,1.28278,1.28270,1.28274,31.01
29.12.2020 05:52:00.000,1.28277,1.28279,1.28271,1.28272,23.68
29.12.2020 05:53:00.000,1.28271,1.28278,1.28271,1.28278,11.57
29.12.2020 05:54:00.000,1.28279,1.28279,1.28254,1.28254,10.19
29.12.2020 05:55:00.000,1.28254,1.28254,1.28252,1.28252,5.17
29.12.2020 05:56:00.000,1.28252,1.28252,1.28238,1.28240,29.15
29.12.2020 05:57:00.000,1.28243,1.28244,1.28234,1.28238,33.51
29.12.2020 05:58:00.000,1.28242,1.28246,1.28239,1.28244,37.71
29.12.2020 05:59:00.000,1.28243,1.28246,1.28233,1.28234,22.64
29.12.2020 06:00:00.000,1.28235,1.28242,1.28235,1.28236,25.54
29.12.2020 06:01:00.000,1.28235,1.28235,1.28227,1.28235,28.24
29.12.2020 06:02:00.000,1.28235,1.28237,1.28235,1.28236,19.47
29.12.2020 06:03:00.000,1.28237,1.28237,1.28222,1.28223,23.77
29.12.2020 06:04:00.000,1.28224,1.28226,1.28223,1.28226,9.8
29.12.2020 06:05:00.000,1.28232,1.28233,1.28227,1.28228,27.36
29.12.2020 06:06:00.000,1.28229,1.28229,1.28227,1.28228,4.4
29.12.2020 06:07:00.000,1.28227,1.28227,1.28220,1.28220,7.5
29.12.2020 06:08:00.000,1.28225,1.28227,1.28220,1.28220,24.51
29.12.2020 06:09:00.000,1.28226,1.28236,1.28220,1.28228,54.58
29.12.2020 06:10:00.000,1.28228,1.28230,1.28228,1.28230,6.82
29.12.2020 06:11:00.000,1.28230,1.28230,1.28223,1.28223,10.62
29.12.2020 06:12:00.000,1.28223,1.28223,1.28222,1.28222,4
29.12.2020 06:13:00.000,1.28220,1.28222,1.28217,1.28222,8.5
29.12.2020 06:14:00.000,1.28222,1.28229,1.28218,1.28222,46.76
29.12.2020 06:15:00.000,1.28218,1.28222,1.28218,1.28222,16.5
29.12.2020 06:16:00.000,1.28222,1.28224,1.28221,1.28222,5.99
29.12.2020 06:17:00.000,1.28223,1.28229,1.28223,1.28229,4
29.12.2020 06:18:00.000,1.28231,1.28231,1.28229,1.28229,12
29.12.2020 06:19:00.000,1.28229,1.28231,1.28229,1.28231,19
29.12.2020 06:20:00.000,1.28224,1.28224,1.28218,1.28219,16
29.12.2020 06:21:00.000,1.28220,1.28231,1.28220,1.28226,35.25
29.12.2020 06:22:00.000,1.28226,1.28228,1.28226,1.28228,5
29.12.2020 06:23:00.000,1.28224,1.28224,1.28222,1.28223,8
29.12.2020 06:24:00.000,1.28222,1.28229,1.28222,1.28222,24.5
29.12.2020 06:25:00.000,1.28222,1.28222,1.28222,1.28222,0
29.12.2020 06:26:00.000,1.28227,1.28230,1.28227,1.28229,21.37
29.12.2020 06:27:00.000,1.28230,1.28230,1.28230,1.28230,1
29.12.2020 06:28:00.000,1.28230,1.28230,1.28230,1.28230,4
29.12.2020 06:29:00.000,1.28231,1.28231,1.28224,1.28226,18.75
29.12.2020 06:30:00.000,1.28226,1.28229,1.28222,1.28229,16.6
29.12.2020 06:31:00.000,1.28231,1.28235,1.28229,1.28230,24.24
29.12.2020 06:32:00.000,1.28226,1.28229,1.28226,1.28229,4
29.12.2020 06:33:00.000,1.28235,1.28236,1.28232,1.28232,4.5
29.12.2020 06:34:00.000,1.28232,1.28233,1.28230,1.28231,9
29.12.2020 06:35:00.000,1.28230,1.28234,1.28230,1.28231,18
29.12.2020 06:36:00.000,1.28230,1.28237,1.28230,1.28237,11.57
29.12.2020 06:37:00.000,1.28238,1.28251,1.28238,1.28247,29.77
29.12.2020 06:38:00.000,1.28246,1.28253,1.28241,1.28246,24.3
29.12.2020 06:39:00.000,1.28247,1.28258,1.28247,1.28255,12
29.12.2020 06:40:00.000,1.28256,1.28256,1.28246,1.28248,25.1
29.12.2020 06:41:00.000,1.28249,1.28255,1.28249,1.28255,14.5
29.12.2020 06:42:00.000,1.28256,1.28263,1.28255,1.28263,18.25
29.12.2020 06:43:00.000,1.28261,1.28264,1.28260,1.28261,6
29.12.2020 06:44:00.000,1.28257,1.28257,1.28255,1.28256,7.5
29.12.2020 06:45:00.000,1.28257,1.28257,1.28257,1.28257,2
29.12.2020 06:46:00.000,1.28262,1.28263,1.28259,1.28259,6
29.12.2020 06:47:00.000,1.28260,1.28270,1.28260,1.28267,15.5
29.12.2020 06:48:00.000,1.28267,1.28269,1.28260,1.28261,15.75
29.12.2020 06:49:00.000,1.28263,1.28263,1.28261,1.28262,7.5
29.12.2020 06:50:00.000,1.28261,1.28272,1.28261,1.28272,16.5
29.12.2020 06:51:00.000,1.28273,1.28274,1.28265,1.28265,16
29.12.2020 06:52:00.000,1.28267,1.28272,1.28265,1.28266,21.5
29.12.2020 06:53:00.000,1.28268,1.28270,1.28267,1.28270,15.07
29.12.2020 06:54:00.000,1.28270,1.28271,1.28263,1.28263,26.2
29.12.2020 06:55:00.000,1.28263,1.28263,1.28259,1.28259,19.5
29.12.2020 06:56:00.000,1.28258,1.28258,1.28246,1.28246,22.07
29.12.2020 06:57:00.000,1.28247,1.28259,1.28246,1.28246,24.64
29.12.2020 06:58:00.000,1.28246,1.28246,1.28236,1.28236,11.35
29.12.2020 06:59:00.000,1.28235,1.28235,1.28225,1.28227,16.96
29.12.2020 07:00:00.000,1.28226,1.28231,1.28215,1.28227,70.43
29.12.2020 07:01:00.000,1.28225,1.28227,1.28216,1.28217,47
29.12.2020 07:02:00.000,1.28218,1.28221,1.28217,1.28220,37.55
29.12.2020 07:03:00.000,1.28220,1.28222,1.28220,1.28222,11.1
29.12.2020 07:04:00.000,1.28222,1.28223,1.28220,1.28221,14
29.12.2020 07:05:00.000,1.28222,1.28231,1.28221,1.28230,13
29.12.2020 07:06:00.000,1.28230,1.28230,1.28221,1.28223,16.25
29.12.2020 07:07:00.000,1.28221,1.28222,1.28195,1.28198,19.75
29.12.2020 07:08:00.000,1.28196,1.28197,1.28177,1.28187,28.47
29.12.2020 07:09:00.000,1.28188,1.28188,1.28161,1.28161,40.53
29.12.2020 07:10:00.000,1.28156,1.28159,1.28145,1.28157,38.84
29.12.2020 07:11:00.000,1.28160,1.28162,1.28150,1.28155,21.95
29.12.2020 07:12:00.000,1.28158,1.28163,1.28151,1.28156,18
29.12.2020 07:13:00.000,1.28160,1.28160,1.28149,1.28156,23
29.12.2020 07:14:00.000,1.28161,1.28161,1.28150,1.28151,18
29.12.2020 07:15:00.000,1.28151,1.28156,1.28148,1.28155,36.76
29.12.2020 07:16:00.000,1.28162,1.28168,1.28148,1.28148,39.07
29.12.2020 07:17:00.000,1.28149,1.28159,1.28149,1.28157,8.75
29.12.2020 07:18:00.000,1.28158,1.28174,1.28157,1.28174,28.5
29.12.2020 07:19:00.000,1.28179,1.28181,1.28172,1.28173,23.75
29.12.2020 07:20:00.000,1.28173,1.28176,1.28173,1.28175,8
29.12.2020 07:21:00.000,1.28172,1.28172,1.28164,1.28164,17.56
29.12.2020 07:22:00.000,1.28164,1.28165,1.28164,1.28164,3
29.12.2020 07:23:00.000,1.28164,1.28165,1.28158,1.28158,11.57
29.12.2020 07:24:00.000,1.28158,1.28179,1.28158,1.28179,32.33
29.12.2020 07:25:00.000,1.28179,1.28180,1.28175,1.28179,14.66
29.12.2020 07:26:00.000,1.28179,1.28179,1.28164,1.28172,53.4
29.12.2020 07:27:00.000,1.28173,1.28173,1.28164,1.28172,20.52
29.12.2020 07:28:00.000,1.28172,1.28172,1.28169,1.28169,15.26
29.12.2020 07:29:00.000,1.28168,1.28172,1.28161,1.28170,27.15
29.12.2020 07:30:00.000,1.28169,1.28171,1.28159,1.28162,45.62
29.12.2020 07:31:00.000,1.28162,1.28163,1.28157,1.28163,20.46
29.12.2020 07:32:00.000,1.28163,1.28170,1.28162,1.28168,54.18
29.12.2020 07:33:00.000,1.28168,1.28172,1.28165,1.28168,26.96
29.12.2020 07:34:00.000,1.28167,1.28174,1.28167,1.28172,5
29.12.2020 07:35:00.000,1.28173,1.28180,1.28173,1.28180,28.61
29.12.2020 07:36:00.000,1.28180,1.28181,1.28168,1.28173,36.58
29.12.2020 07:37:00.000,1.28178,1.28189,1.28174,1.28184,35.87
29.12.2020 07:38:00.000,1.28186,1.28190,1.28183,1.28190,11.32
29.12.2020 07:39:00.000,1.28191,1.28198,1.28184,1.28184,23.68
29.12.2020 07:40:00.000,1.28187,1.28197,1.28185,1.28190,24.07
29.12.2020 07:41:00.000,1.28194,1.28197,1.28189,1.28194,15.6
29.12.2020 07:42:00.000,1.28193,1.28195,1.28187,1.28188,19.49
29.12.2020 07:43:00.000,1.28188,1.28188,1.28186,1.28187,6.45
29.12.2020 07:44:00.000,1.28186,1.28194,1.28186,1.28190,13.37
29.12.2020 07:45:00.000,1.28190,1.28195,1.28189,1.28195,26.12
29.12.2020 07:46:00.000,1.28197,1.28197,1.28187,1.28196,32.74
29.12.2020 07:47:00.000,1.28194,1.28222,1.28194,1.28222,42.61
29.12.2020 07:48:00.000,1.28225,1.28226,1.28199,1.28199,110.4
29.12.2020 07:49:00.000,1.28199,1.28201,1.28187,1.28188,73.76
29.12.2020 07:50:00.000,1.28186,1.28188,1.28172,1.28178,21.8
29.12.2020 07:51:00.000,1.28177,1.28189,1.28173,1.28183,70.37
29.12.2020 07:52:00.000,1.28182,1.28188,1.28181,1.28187,45.98
29.12.2020 07:53:00.000,1.28188,1.28193,1.28179,1.28180,28.05
29.12.2020 07:54:00.000,1.28179,1.28179,1.28174,1.28179,24.91
29.12.2020 07:55:00.000,1.28179,1.28179,1.28177,1.28179,25.14
29.12.2020 07:56:00.000,1.28178,1.28192,1.28178,1.28192,15.47
29.12.2020 07:57:00.000,1.28190,1.28195,1.28183,1.28186,47.1
29.12.2020 07:58:00.000,1.28187,1.28201,1.28186,1.28196,30.92
29.12.2020 07:59:00.000,1.28196,1.28196,1.28189,1.28196,43.06
29.12.2020 08:00:00.000,1.28196,1.28200,1.28188,1.28194,69
29.12.2020 08:01:00.000,1.28193,1.28198,1.28174,1.28180,94.21
29.12.2020 08:02:00.000,1.28180,1.28193,1.28180,1.28188,39.26
29.12.2020 08:03:00.000,1.28194,1.28203,1.28188,1.28201,72.33
29.12.2020 08:04:00.000,1.28202,1.28206,1.28202,1.28203,13.71
29.12.2020 08:05:00.000,1.28202,1.28204,1.28191,1.28193,42.63
29.12.2020 08:06:00.000,1.28193,1.28194,1.28166,1.28170,85.4
29.12.2020 08:07:00.000,1.28170,1.28179,1.28170,1.28170,54.54
29.12.2020 08:08:00.000,1.28172,1.28172,1.28164,1.28172,81.68
29.12.2020 08:09:00.000,1.28171,1.28175,1.28138,1.28138,81.62
29.12.2020 08:10:00.000,1.28139,1.28153,1.28138,1.28150,28.23
29.12.2020 08:11:00.000,1.28151,1.28151,1.28141,1.28143,26.75
29.12.2020 08:12:00.000,1.28141,1.28143,1.28138,1.28142,14.32
29.12.2020 08:13:00.000,1.28141,1.28151,1.28132,1.28142,35.42
29.12.2020 08:14:00.000,1.28141,1.28142,1.28141,1.28141,8
29.12.2020 08:15:00.000,1.28134,1.28142,1.28128,1.28133,80.88
29.12.2020 08:16:00.000,1.28132,1.28139,1.28132,1.28136,55.44
29.12.2020 08:17:00.000,1.28137,1.28138,1.28132,1.28133,38.57
29.12.2020 08:18:00.000,1.28134,1.28144,1.28132,1.28141,35.32
29.12.2020 08:19:00.000,1.28140,1.28142,1.28138,1.28141,28.25
29.12.2020 08:20:00.000,1.28142,1.28153,1.28139,1.28151,51.79
29.12.2020 08:21:00.000,1.28150,1.28150,1.28135,1.28137,74.82
29.12.2020 08:22:00.000,1.28137,1.28143,1.28134,1.28136,71.84
29.12.2020 08:23:00.000,1.28139,1.28156,1.28139,1.28140,58.25
29.12.2020 08:24:00.000,1.28143,1.28157,1.28142,1.28157,61.63
29.12.2020 08:25:00.000,1.28154,1.28165,1.28150,1.28151,52.88
29.12.2020 08:26:00.000,1.28152,1.28157,1.28142,1.28142,57
29.12.2020 08:27:00.000,1.28140,1.28141,1.28127,1.28131,71.1
29.12.2020 08:28:00.000,1.28130,1.28138,1.28126,1.28128,79.68
29.12.2020 08:29:00.000,1.28127,1.28131,1.28125,1.28130,132.61
29.12.2020 08:30:00.000,1.28129,1.28133,1.28125,1.28131,90.33
29.12.2020 08:31:00.000,1.28132,1.28138,1.28125,1.28125,35.8
29.12.2020 08:32:00.000,1.28128,1.28148,1.28128,1.28148,52.07
29.12.2020 08:33:00.000,1.28149,1.28149,1.28139,1.28140,19.07
29.12.2020 08:34:00.000,1.28141,1.28141,1.28124,1.28124,46.53
29.12.2020 08:35:00.000,1.28125,1.28128,1.28124,1.28125,48.24
29.12.2020 08:36:00.000,1.28124,1.28126,1.28075,1.28080,115.86
29.12.2020 08:37:00.000,1.28081,1.28089,1.28081,1.28088,45.69
29.12.2020 08:38:00.000,1.28089,1.28091,1.28082,1.28090,21.83
29.12.2020 08:39:00.000,1.28089,1.28100,1.28085,1.28099,23.82
29.12.2020 08:40:00.000,1.28102,1.28117,1.28099,1.28116,32.07
29.12.2020 08:41:00.000,1.28120,1.28130,1.28115,1.28127,56.21
29.12.2020 08:42:00.000,1.28126,1.28128,1.28113,1.28116,83.42
29.12.2020 08:43:00.000,1.28116,1.28124,1.28110,1.28124,72.85
29.12.2020 08:44:00.000,1.28123,1.28129,1.28118,1.28120,49.35
29.12.2020 08:45:00.000,1.28120,1.28131,1.28119,1.28128,33.83
29.12.2020 08:46:00.000,1.28128,1.28132,1.28127,1.28127,22.6
29.12.2020 08:47:00.000,1.28125,1.28125,1.28117,1.28123,33.62
29.12.2020 08:48:00.000,1.28124,1.28128,1.28117,1.28118,58.38
29.12.2020 08:49:00.000,1.28117,1.28122,1.28117,1.28118,34.19
29.12.2020 08:50:00.000,1.28122,1.28127,1.28118,1.28124,40.57
29.12.2020 08:51:00.000,1.28122,1.28130,1.28122,1.28125,32.88
29.12.2020 08:52:00.000,1.28125,1.28128,1.28124,1.28124,44.73
29.12.2020 08:53:00.000,1.28124,1.28133,1.28124,1.28124,56.07
29.12.2020 08:54:00.000,1.28125,1.28142,1.28125,1.28140,43.42
29.12.2020 08:55:00.000,1.28140,1.28188,1.28140,1.28188,52.49
29.12.2020 08:56:00.000,1.28191,1.28205,1.28189,1.28194,84.15
29.12.2020 08:57:00.000,1.28195,1.28201,1.28192,1.28195,64.98
29.12.2020 08:58:00.000,1.28192,1.28216,1.28187,1.28199,90.55
29.12.2020 08:59:00.000,1.28199,1.28221,1.28199,1.28214,50.74
29.12.2020 09:00:00.000,1.28216,1.28235,1.28213,1.28230,65.61
29.12.2020 09:01:00.000,1.28229,1.28229,1.28223,1.28228,56.99
29.12.2020 09:02:00.000,1.28226,1.28234,1.28225,1.28232,9
29.12.2020 09:03:00.000,1.28231,1.28231,1.28224,1.28224,29.89
29.12.2020 09:04:00.000,1.28223,1.28223,1.28198,1.28199,54.02
29.12.2020 09:05:00.000,1.28201,1.28201,1.28192,1.28198,23.13
29.12.2020 09:06:00.000,1.28198,1.28200,1.28195,1.28197,20.25
29.12.2020 09:07:00.000,1.28198,1.28204,1.28194,1.28197,30.24
29.12.2020 09:08:00.000,1.28201,1.28201,1.28193,1.28200,31.87
29.12.2020 09:09:00.000,1.28199,1.28213,1.28199,1.28207,31.18
29.12.2020 09:10:00.000,1.28206,1.28208,1.28198,1.28199,66.63
29.12.2020 09:11:00.000,1.28199,1.28199,1.28191,1.28192,35.95
29.12.2020 09:12:00.000,1.28191,1.28197,1.28189,1.28197,57.52
29.12.2020 09:13:00.000,1.28197,1.28200,1.28197,1.28197,6.75
29.12.2020 09:14:00.000,1.28197,1.28199,1.28194,1.28194,20.5
29.12.2020 09:15:00.000,1.28193,1.28199,1.28192,1.28199,7.5
29.12.2020 09:16:00.000,1.28199,1.28199,1.28199,1.28199,1.5
29.12.2020 09:17:00.000,1.28204,1.28214,1.28204,1.28205,51.55
29.12.2020 09:18:00.000,1.28204,1.28219,1.28204,1.28219,40.13
29.12.2020 09:19:00.000,1.28217,1.28228,1.28214,1.28226,27.07
29.12.2020 09:20:00.000,1.28227,1.28229,1.28222,1.28223,106.99
29.12.2020 09:21:00.000,1.28220,1.28222,1.28217,1.28222,28.31
29.12.2020 09:22:00.000,1.28223,1.28227,1.28219,1.28221,33.5
29.12.2020 09:23:00.000,1.28220,1.28235,1.28220,1.28232,42.24
29.12.2020 09:24:00.000,1.28233,1.28234,1.28228,1.28230,29.75
29.12.2020 09:25:00.000,1.28229,1.28230,1.28218,1.28219,25.76
29.12.2020 09:26:00.000,1.28222,1.28227,1.28222,1.28224,11.74
29.12.2020 09:27:00.000,1.28223,1.28232,1.28223,1.28229,41.7
29.12.2020 09:28:00.000,1.28231,1.28232,1.28224,1.28224,10.73
29.12.2020 09:29:00.000,1.28224,1.28225,1.28223,1.28224,7.1
29.12.2020 09:30:00.000,1.28225,1.28225,1.28216,1.28216,15.19
29.12.2020 09:31:00.000,1.28217,1.28217,1.28207,1.28209,24.94
29.12.2020 09:32:00.000,1.28207,1.28207,1.28207,1.28207,1.5
29.12.2020 09:33:00.000,1.28209,1.28209,1.28208,1.28208,2
29.12.2020 09:34:00.000,1.28207,1.28207,1.28195,1.28196,24.5
29.12.2020 09:35:00.000,1.28196,1.28199,1.28192,1.28197,50.24
29.12.2020 09:36:00.000,1.28199,1.28200,1.28199,1.28200,2
29.12.2020 09:37:00.000,1.28199,1.28200,1.28194,1.28198,31.12
29.12.2020 09:38:00.000,1.28196,1.28200,1.28193,1.28199,46.22
29.12.2020 09:39:00.000,1.28199,1.28199,1.28192,1.28196,15.49
29.12.2020 09:40:00.000,1.28197,1.28201,1.28194,1.28196,45.42
29.12.2020 09:41:00.000,1.28194,1.28200,1.28193,1.28198,47.06
29.12.2020 09:42:00.000,1.28198,1.28200,1.28195,1.28199,23.25
29.12.2020 09:43:00.000,1.28204,1.28207,1.28200,1.28200,8.37
29.12.2020 09:44:00.000,1.28207,1.28209,1.28201,1.28207,25.68
29.12.2020 09:45:00.000,1.28207,1.28220,1.28207,1.28218,42.61
29.12.2020 09:46:00.000,1.28218,1.28219,1.28204,1.28204,23.1
29.12.2020 09:47:00.000,1.28207,1.28210,1.28201,1.28201,21.31
29.12.2020 09:48:00.000,1.28199,1.28219,1.28199,1.28216,32.62
29.12.2020 09:49:00.000,1.28214,1.28218,1.28207,1.28207,22
29.12.2020 09:50:00.000,1.28207,1.28207,1.28201,1.28204,37
29.12.2020 09:51:00.000,1.28206,1.28214,1.28205,1.28214,17.19
29.12.2020 09:52:00.000,1.28221,1.28223,1.28214,1.28214,47.48
29.12.2020 09:53:00.000,1.28214,1.28214,1.28202,1.28206,24.02
29.12.2020 09:54:00.000,1.28206,1.28208,1.28206,1.28207,18.5
29.12.2020 09:55:00.000,1.28206,1.28216,1.28202,1.28202,40.5
29.12.2020 09:56:00.000,1.28204,1.28207,1.28193,1.28193,40.37
29.12.2020 09:57:00.000,1.28191,1.28197,1.28163,1.28164,68.15
29.12.2020 09:58:00.000,1.28161,1.28162,1.28156,1.28156,22.5
29.12.2020 09:59:00.000,1.28157,1.28160,1.28155,1.28160,26.99
29.12.2020 10:00:00.000,1.28154,1.28162,1.28149,1.28149,36.98
29.12.2020 10:01:00.000,1.28149,1.28150,1.28143,1.28149,18.87
29.12.2020 10:02:00.000,1.28147,1.28153,1.28139,1.28140,40.75
29.12.2020 10:03:00.000,1.28141,1.28148,1.28137,1.28141,38
29.12.2020 10:04:00.000,1.28138,1.28138,1.28125,1.28127,30.19
29.12.2020 10:05:00.000,1.28125,1.28128,1.28123,1.28124,40.62
29.12.2020 10:06:00.000,1.28123,1.28128,1.28115,1.28127,42.75
29.12.2020 10:07:00.000,1.28127,1.28128,1.28124,1.28126,26.5
29.12.2020 10:08:00.000,1.28127,1.28137,1.28125,1.28131,58.34
29.12.2020 10:09:00.000,1.28131,1.28131,1.28115,1.28115,26.12
29.12.2020 10:10:00.000,1.28116,1.28116,1.28103,1.28109,43.74
29.12.2020 10:11:00.000,1.28108,1.28108,1.28095,1.28099,26.5
29.12.2020 10:12:00.000,1.28099,1.28100,1.28092,1.28092,30
29.12.2020 10:13:00.000,1.28091,1.28100,1.28088,1.28100,29.5
29.12.2020 10:14:00.000,1.28099,1.28106,1.28099,1.28100,20.5
29.12.2020 10:15:00.000,1.28101,1.28101,1.28100,1.28101,9.5
29.12.2020 10:16:00.000,1.28101,1.28107,1.28100,1.28101,27.75
29.12.2020 10:17:00.000,1.28101,1.28118,1.28097,1.28117,47.85
29.12.2020 10:18:00.000,1.28116,1.28118,1.28100,1.28100,30.75
29.12.2020 10:19:00.000,1.28101,1.28112,1.28101,1.28109,23
29.12.2020 10:20:00.000,1.28110,1.28118,1.28109,1.28117,32.75
29.12.2020 10:21:00.000,1.28117,1.28117,1.28110,1.28117,34.62
29.12.2020 10:22:00.000,1.28117,1.28117,1.28096,1.28101,44.62
29.12.2020 10:23:00.000,1.28104,1.28104,1.28095,1.28100,25
29.12.2020 10:24:00.000,1.28100,1.28108,1.28100,1.28101,14.31
29.12.2020 10:25:00.000,1.28102,1.28102,1.28095,1.28100,15.25
29.12.2020 10:26:00.000,1.28100,1.28100,1.28093,1.28100,15
29.12.2020 10:27:00.000,1.28101,1.28103,1.28092,1.28102,37.25
29.12.2020 10:28:00.000,1.28104,1.28114,1.28100,1.28109,33.5
29.12.2020 10:29:00.000,1.28111,1.28112,1.28109,1.28109,22.25
29.12.2020 10:30:00.000,1.28109,1.28113,1.28106,1.28106,37
29.12.2020 10:31:00.000,1.28105,1.28108,1.28093,1.28093,33.5
29.12.2020 10:32:00.000,1.28094,1.28094,1.28083,1.28089,71
29.12.2020 10:33:00.000,1.28088,1.28088,1.28072,1.28079,53.06
29.12.2020 10:34:00.000,1.28076,1.28076,1.28066,1.28068,28
29.12.2020 10:35:00.000,1.28067,1.28067,1.28057,1.28059,29.24
29.12.2020 10:36:00.000,1.28062,1.28068,1.28062,1.28066,10.12
29.12.2020 10:37:00.000,1.28067,1.28077,1.28067,1.28076,10
29.12.2020 10:38:00.000,1.28073,1.28076,1.28062,1.28071,42
29.12.2020 10:39:00.000,1.28072,1.28074,1.28060,1.28060,46.19
29.12.2020 10:40:00.000,1.28060,1.28074,1.28060,1.28068,30.25
29.12.2020 10:41:00.000,1.28067,1.28077,1.28067,1.28077,14.5
29.12.2020 10:42:00.000,1.28077,1.28082,1.28076,1.28082,13.69
29.12.2020 10:43:00.000,1.28084,1.28089,1.28076,1.28076,59.13
29.12.2020 10:44:00.000,1.28080,1.28092,1.28080,1.28085,47.75
29.12.2020 10:45:00.000,1.28086,1.28086,1.28085,1.28085,6.8
29.12.2020 10:46:00.000,1.28085,1.28085,1.28083,1.28083,10.15
29.12.2020 10:47:00.000,1.28083,1.28084,1.28077,1.28078,22.34
29.12.2020 10:48:00.000,1.28080,1.28083,1.28076,1.28077,35.5
29.12.2020 10:49:00.000,1.28076,1.28076,1.28069,1.28076,16.95
29.12.2020 10:50:00.000,1.28075,1.28077,1.28069,1.28075,24.9
29.12.2020 10:51:00.000,1.28075,1.28085,1.28075,1.28084,18.61
29.12.2020 10:52:00.000,1.28091,1.28102,1.28091,1.28101,18.5
29.12.2020 10:53:00.000,1.28102,1.28117,1.28097,1.28116,32.47
29.12.2020 10:54:00.000,1.28117,1.28125,1.28111,1.28116,51.62
29.12.2020 10:55:00.000,1.28113,1.28120,1.28105,1.28105,36.37
29.12.2020 10:56:00.000,1.28107,1.28126,1.28103,1.28125,41.82
29.12.2020 10:57:00.000,1.28126,1.28137,1.28117,1.28117,44.69
29.12.2020 10:58:00.000,1.28116,1.28123,1.28116,1.28118,28.24
29.12.2020 10:59:00.000,1.28117,1.28119,1.28105,1.28118,54.37
29.12.2020 11:00:00.000,1.28122,1.28127,1.28115,1.28117,60.5
29.12.2020 11:01:00.000,1.28116,1.28134,1.28101,1.28124,90.86
29.12.2020 11:02:00.000,1.28124,1.28140,1.28124,1.28138,24
29.12.2020 11:03:00.000,1.28138,1.28138,1.28129,1.28130,12
29.12.2020 11:04:00.000,1.28132,1.28138,1.28128,1.28131,26.5
29.12.2020 11:05:00.000,1.28130,1.28130,1.28123,1.28129,16
29.12.2020 11:06:00.000,1.28130,1.28136,1.28129,1.28133,26.75
29.12.2020 11:07:00.000,1.28133,1.28141,1.28131,1.28134,28.19
29.12.2020 11:08:00.000,1.28128,1.28129,1.28117,1.28122,35
29.12.2020 11:09:00.000,1.28122,1.28122,1.28109,1.28109,23.5
29.12.2020 11:10:00.000,1.28106,1.28116,1.28104,1.28108,36.11
29.12.2020 11:11:00.000,1.28107,1.28111,1.28103,1.28103,26.5
29.12.2020 11:12:00.000,1.28103,1.28117,1.28103,1.28117,21
29.12.2020 11:13:00.000,1.28118,1.28118,1.28100,1.28100,50.25
29.12.2020 11:14:00.000,1.28100,1.28103,1.28098,1.28098,26.92
29.12.2020 11:15:00.000,1.28096,1.28098,1.28093,1.28093,37.2
29.12.2020 11:16:00.000,1.28093,1.28100,1.28088,1.28092,52.21
29.12.2020 11:17:00.000,1.28091,1.28102,1.28090,1.28101,43.56
29.12.2020 11:18:00.000,1.28103,1.28110,1.28102,1.28105,48.5
29.12.2020 11:19:00.000,1.28107,1.28110,1.28103,1.28109,64.19
29.12.2020 11:20:00.000,1.28109,1.28119,1.28104,1.28112,40.25
29.12.2020 11:21:00.000,1.28110,1.28112,1.28101,1.28102,39
29.12.2020 11:22:00.000,1.28101,1.28104,1.28100,1.28101,25.25
29.12.2020 11:23:00.000,1.28103,1.28112,1.28101,1.28109,29.37
29.12.2020 11:24:00.000,1.28109,1.28109,1.28103,1.28103,12.5
29.12.2020 11:25:00.000,1.28103,1.28104,1.28100,1.28101,46.29
29.12.2020 11:26:00.000,1.28104,1.28107,1.28084,1.28085,48.97
29.12.2020 11:27:00.000,1.28086,1.28091,1.28084,1.28085,43.62
29.12.2020 11:28:00.000,1.28088,1.28090,1.28084,1.28084,25
29.12.2020 11:29:00.000,1.28087,1.28090,1.28083,1.28083,17.75
29.12.2020 11:30:00.000,1.28084,1.28085,1.28082,1.28084,38.36
29.12.2020 11:31:00.000,1.28087,1.28088,1.28082,1.28083,28.99
29.12.2020 11:32:00.000,1.28082,1.28082,1.28069,1.28069,14.74
29.12.2020 11:33:00.000,1.28072,1.28081,1.28070,1.28070,50.49
29.12.2020 11:34:00.000,1.28068,1.28069,1.28064,1.28065,25.37
29.12.2020 11:35:00.000,1.28065,1.28067,1.28059,1.28059,51.57
29.12.2020 11:36:00.000,1.28059,1.28066,1.28032,1.28034,67
29.12.2020 11:37:00.000,1.28033,1.28035,1.28031,1.28031,30.28
29.12.2020 11:38:00.000,1.28032,1.28044,1.28031,1.28044,46.44
29.12.2020 11:39:00.000,1.28044,1.28051,1.28042,1.28046,26.58
29.12.2020 11:40:00.000,1.28046,1.28096,1.28044,1.28090,86.66
29.12.2020 11:41:00.000,1.28091,1.28111,1.28086,1.28104,54.7
29.12.2020 11:42:00.000,1.28104,1.28111,1.28100,1.28109,39.94
29.12.2020 11:43:00.000,1.28109,1.28118,1.28101,1.28112,43.46
29.12.2020 11:44:00.000,1.28118,1.28119,1.28116,1.28119,62.23
29.12.2020 11:45:00.000,1.28116,1.28132,1.28115,1.28131,66.42
29.12.2020 11:46:00.000,1.28133,1.28138,1.28130,1.28130,33.59
29.12.2020 11:47:00.000,1.28132,1.28140,1.28131,1.28131,57.22
29.12.2020 11:48:00.000,1.28131,1.28137,1.28123,1.28124,40.67
29.12.2020 11:49:00.000,1.28123,1.28127,1.28123,1.28126,24.87
29.12.2020 11:50:00.000,1.28126,1.28129,1.28124,1.28125,78.44
29.12.2020 11:51:00.000,1.28131,1.28150,1.28131,1.28146,129.06
29.12.2020 11:52:00.000,1.28145,1.28145,1.28130,1.28145,62.69
29.12.2020 11:53:00.000,1.28147,1.28164,1.28146,1.28152,74.3
29.12.2020 11:54:00.000,1.28153,1.28155,1.28130,1.28137,47.2
29.12.2020 11:55:00.000,1.28138,1.28142,1.28126,1.28126,35.15
29.12.2020 11:56:00.000,1.28124,1.28136,1.28124,1.28134,37.32
29.12.2020 11:57:00.000,1.28135,1.28135,1.28118,1.28132,38.47
29.12.2020 11:58:00.000,1.28132,1.28142,1.28131,1.28137,36.5
29.12.2020 11:59:00.000,1.28137,1.28138,1.28129,1.28129,30.37
29.12.2020 12:00:00.000,1.28129,1.28136,1.28118,1.28119,49.98
29.12.2020 12:01:00.000,1.28118,1.28118,1.28106,1.28111,38.69
29.12.2020 12:02:00.000,1.28111,1.28112,1.28102,1.28103,43.12
29.12.2020 12:03:00.000,1.28104,1.28124,1.28104,1.28118,29.87
29.12.2020 12:04:00.000,1.28117,1.28131,1.28117,1.28129,21.31
29.12.2020 12:05:00.000,1.28130,1.28130,1.28128,1.28128,6
29.12.2020 12:06:00.000,1.28126,1.28126,1.28117,1.28118,13.87
29.12.2020 12:07:00.000,1.28118,1.28123,1.28115,1.28122,44
29.12.2020 12:08:00.000,1.28122,1.28123,1.28118,1.28121,28.5
29.12.2020 12:09:00.000,1.28123,1.28141,1.28121,1.28135,34.44
29.12.2020 12:10:00.000,1.28136,1.28149,1.28135,1.28144,31.99
29.12.2020 12:11:00.000,1.28145,1.28158,1.28141,1.28158,38.98
29.12.2020 12:12:00.000,1.28160,1.28162,1.28152,1.28162,34.5
29.12.2020 12:13:00.000,1.28161,1.28171,1.28155,1.28157,79.84
29.12.2020 12:14:00.000,1.28157,1.28162,1.28152,1.28155,60.86
29.12.2020 12:15:00.000,1.28155,1.28155,1.28140,1.28141,42.75
29.12.2020 12:16:00.000,1.28144,1.28149,1.28138,1.28138,30.07
29.12.2020 12:17:00.000,1.28134,1.28135,1.28120,1.28125,52.64
29.12.2020 12:18:00.000,1.28127,1.28129,1.28120,1.28120,14.65
29.12.2020 12:19:00.000,1.28121,1.28126,1.28120,1.28120,44.7
29.12.2020 12:20:00.000,1.28118,1.28118,1.28097,1.28105,53.53
29.12.2020 12:21:00.000,1.28106,1.28110,1.28098,1.28098,10.5
29.12.2020 12:22:00.000,1.28105,1.28109,1.28090,1.28090,26.75
29.12.2020 12:23:00.000,1.28090,1.28090,1.28089,1.28089,19
29.12.2020 12:24:00.000,1.28089,1.28096,1.28088,1.28091,44.32
29.12.2020 12:25:00.000,1.28090,1.28098,1.28090,1.28098,29.09
29.12.2020 12:26:00.000,1.28097,1.28097,1.28092,1.28094,40.27
29.12.2020 12:27:00.000,1.28097,1.28097,1.28092,1.28097,35.93
29.12.2020 12:28:00.000,1.28098,1.28107,1.28098,1.28098,24.98
29.12.2020 12:29:00.000,1.28099,1.28119,1.28095,1.28119,39.5
29.12.2020 12:30:00.000,1.28118,1.28120,1.28092,1.28103,49.29
29.12.2020 12:31:00.000,1.28103,1.28103,1.28091,1.28095,70.05
29.12.2020 12:32:00.000,1.28096,1.28097,1.28086,1.28086,41.38
29.12.2020 12:33:00.000,1.28088,1.28090,1.28078,1.28090,82.43
29.12.2020 12:34:00.000,1.28089,1.28103,1.28089,1.28097,55.29
29.12.2020 12:35:00.000,1.28097,1.28100,1.28091,1.28095,41.77
29.12.2020 12:36:00.000,1.28095,1.28097,1.28090,1.28097,47.82
29.12.2020 12:37:00.000,1.28098,1.28098,1.28076,1.28083,58.84
29.12.2020 12:38:00.000,1.28082,1.28088,1.28082,1.28087,31.26
29.12.2020 12:39:00.000,1.28086,1.28086,1.28077,1.28083,43.01
29.12.2020 12:40:00.000,1.28084,1.28092,1.28084,1.28092,25.49
29.12.2020 12:41:00.000,1.28092,1.28099,1.28090,1.28099,19.94
29.12.2020 12:42:00.000,1.28098,1.28098,1.28098,1.28098,1
29.12.2020 12:43:00.000,1.28104,1.28112,1.28101,1.28101,25.5
29.12.2020 12:44:00.000,1.28101,1.28101,1.28095,1.28098,26.87
29.12.2020 12:45:00.000,1.28099,1.28100,1.28099,1.28100,7
29.12.2020 12:46:00.000,1.28100,1.28100,1.28100,1.28100,0
29.12.2020 12:47:00.000,1.28100,1.28100,1.28099,1.28099,6.5
29.12.2020 12:48:00.000,1.28099,1.28102,1.28083,1.28085,40.83
29.12.2020 12:49:00.000,1.28083,1.28086,1.28082,1.28084,15.74
29.12.2020 12:50:00.000,1.28085,1.28092,1.28084,1.28092,21.37
29.12.2020 12:51:00.000,1.28092,1.28092,1.28092,1.28092,0
29.12.2020 12:52:00.000,1.28091,1.28099,1.28090,1.28098,12
29.12.2020 12:53:00.000,1.28099,1.28101,1.28090,1.28099,25.12
29.12.2020 12:54:00.000,1.28096,1.28097,1.28091,1.28097,37.55
29.12.2020 12:55:00.000,1.28098,1.28100,1.28098,1.28098,6.75
29.12.2020 12:56:00.000,1.28098,1.28098,1.28091,1.28095,27.29
29.12.2020 12:57:00.000,1.28093,1.28099,1.28092,1.28099,40.42
29.12.2020 12:58:00.000,1.28097,1.28132,1.28097,1.28131,73.16
29.12.2020 12:59:00.000,1.28138,1.28151,1.28138,1.28151,17.5
29.12.2020 13:00:00.000,1.28148,1.28165,1.28148,1.28158,54.45
29.12.2020 13:01:00.000,1.28156,1.28173,1.28156,1.28171,55.83
29.12.2020 13:02:00.000,1.28168,1.28173,1.28165,1.28173,82.98
29.12.2020 13:03:00.000,1.28173,1.28173,1.28162,1.28164,46.07
29.12.2020 13:04:00.000,1.28164,1.28178,1.28164,1.28167,28.12
29.12.2020 13:05:00.000,1.28164,1.28165,1.28159,1.28160,24.67
29.12.2020 13:06:00.000,1.28160,1.28162,1.28156,1.28156,32.2
29.12.2020 13:07:00.000,1.28157,1.28158,1.28156,1.28156,15
29.12.2020 13:08:00.000,1.28157,1.28164,1.28155,1.28155,53.97
29.12.2020 13:09:00.000,1.28157,1.28169,1.28155,1.28169,52.01
29.12.2020 13:10:00.000,1.28170,1.28184,1.28168,1.28177,43
29.12.2020 13:11:00.000,1.28178,1.28188,1.28176,1.28187,32.01
29.12.2020 13:12:00.000,1.28187,1.28212,1.28187,1.28212,36.68
29.12.2020 13:13:00.000,1.28212,1.28213,1.28186,1.28187,28.25
29.12.2020 13:14:00.000,1.28183,1.28183,1.28161,1.28161,19.84
29.12.2020 13:15:00.000,1.28162,1.28162,1.28126,1.28128,50.84
29.12.2020 13:16:00.000,1.28125,1.28139,1.28123,1.28136,34.29
29.12.2020 13:17:00.000,1.28135,1.28138,1.28119,1.28127,64.39
29.12.2020 13:18:00.000,1.28128,1.28132,1.28120,1.28120,27.26
29.12.2020 13:19:00.000,1.28119,1.28128,1.28108,1.28108,44.3
29.12.2020 13:20:00.000,1.28108,1.28120,1.28101,1.28112,90.46
29.12.2020 13:21:00.000,1.28113,1.28116,1.28096,1.28097,108.56
29.12.2020 13:22:00.000,1.28096,1.28103,1.28083,1.28084,68.8
29.12.2020 13:23:00.000,1.28083,1.28088,1.28079,1.28083,34.69
29.12.2020 13:24:00.000,1.28083,1.28083,1.28076,1.28080,29.72
29.12.2020 13:25:00.000,1.28078,1.28091,1.28065,1.28089,67.05
29.12.2020 13:26:00.000,1.28089,1.28115,1.28089,1.28112,45.72
29.12.2020 13:27:00.000,1.28114,1.28114,1.28105,1.28108,35.17
29.12.2020 13:28:00.000,1.28107,1.28117,1.28104,1.28117,35.43
29.12.2020 13:29:00.000,1.28118,1.28120,1.28111,1.28112,46.05
29.12.2020 13:30:00.000,1.28110,1.28120,1.28105,1.28109,79.13
29.12.2020 13:31:00.000,1.28106,1.28112,1.28105,1.28108,45.1
29.12.2020 13:32:00.000,1.28109,1.28109,1.28085,1.28087,65.58
29.12.2020 13:33:00.000,1.28086,1.28098,1.28078,1.28090,43.94
29.12.2020 13:34:00.000,1.28089,1.28092,1.28087,1.28088,24.25
29.12.2020 13:35:00.000,1.28093,1.28123,1.28093,1.28117,39.5
29.12.2020 13:36:00.000,1.28117,1.28121,1.28113,1.28118,37.75
29.12.2020 13:37:00.000,1.28124,1.28128,1.28114,1.28116,46.31
29.12.2020 13:38:00.000,1.28117,1.28119,1.28104,1.28109,65.56
29.12.2020 13:39:00.000,1.28106,1.28109,1.28071,1.28075,70.67
29.12.2020 13:40:00.000,1.28074,1.28075,1.28046,1.28046,82.73
29.12.2020 13:41:00.000,1.28046,1.28046,1.28033,1.28035,40.75
29.12.2020 13:42:00.000,1.28036,1.28039,1.28023,1.28033,61.52
29.12.2020 13:43:00.000,1.28029,1.28049,1.28027,1.28041,74.4
29.12.2020 13:44:00.000,1.28040,1.28041,1.28028,1.28034,30.5
29.12.2020 13:45:00.000,1.28035,1.28035,1.28023,1.28027,67.77
29.12.2020 13:46:00.000,1.28027,1.28036,1.28024,1.28028,52.39
29.12.2020 13:47:00.000,1.28027,1.28029,1.28016,1.28020,72.03
29.12.2020 13:48:00.000,1.28021,1.28031,1.28017,1.28024,44.5
29.12.2020 13:49:00.000,1.28022,1.28030,1.28008,1.28030,72.37
29.12.2020 13:50:00.000,1.28028,1.28031,1.28026,1.28029,24
29.12.2020 13:51:00.000,1.28030,1.28038,1.28022,1.28037,38
29.12.2020 13:52:00.000,1.28038,1.28039,1.28021,1.28026,46.25
29.12.2020 13:53:00.000,1.28024,1.28024,1.28006,1.28008,44.33
29.12.2020 13:54:00.000,1.28009,1.28012,1.27999,1.28005,102.66
29.12.2020 13:55:00.000,1.28003,1.28006,1.27946,1.27957,88.63
29.12.2020 13:56:00.000,1.27958,1.28003,1.27954,1.27996,93.61
29.12.2020 13:57:00.000,1.27996,1.27998,1.27994,1.27995,15.2
29.12.2020 13:58:00.000,1.28002,1.28006,1.27996,1.27996,19.05
29.12.2020 13:59:00.000,1.27993,1.27994,1.27981,1.27985,62.62
29.12.2020 14:00:00.000,1.27983,1.28012,1.27983,1.28012,76.31
29.12.2020 14:01:00.000,1.28010,1.28010,1.27987,1.28000,53.2
29.12.2020 14:02:00.000,1.28000,1.28000,1.27980,1.27987,106.74
29.12.2020 14:03:00.000,1.27987,1.27995,1.27979,1.27979,26.49
29.12.2020 14:04:00.000,1.27978,1.27987,1.27970,1.27979,65.52
29.12.2020 14:05:00.000,1.27978,1.27988,1.27970,1.27982,88.36
29.12.2020 14:06:00.000,1.27983,1.27984,1.27954,1.27954,88.04
29.12.2020 14:07:00.000,1.27955,1.27969,1.27950,1.27963,68
29.12.2020 14:08:00.000,1.27964,1.27966,1.27931,1.27931,78.44
29.12.2020 14:09:00.000,1.27930,1.27937,1.27915,1.27931,89.12
29.12.2020 14:10:00.000,1.27931,1.27958,1.27931,1.27950,38.31
29.12.2020 14:11:00.000,1.27948,1.27956,1.27948,1.27950,22.97
29.12.2020 14:12:00.000,1.27951,1.27979,1.27950,1.27979,93.2
29.12.2020 14:13:00.000,1.27978,1.27995,1.27964,1.27970,93.72
29.12.2020 14:14:00.000,1.27970,1.27970,1.27962,1.27970,23.84
29.12.2020 14:15:00.000,1.27966,1.27977,1.27964,1.27971,79.81
29.12.2020 14:16:00.000,1.27968,1.27971,1.27961,1.27971,69.01
29.12.2020 14:17:00.000,1.27971,1.27971,1.27953,1.27953,42.75
29.12.2020 14:18:00.000,1.27954,1.27961,1.27953,1.27960,27.12
29.12.2020 14:19:00.000,1.27960,1.27962,1.27945,1.27945,48.44
29.12.2020 14:20:00.000,1.27945,1.27970,1.27944,1.27970,49.98
29.12.2020 14:21:00.000,1.27969,1.27969,1.27953,1.27953,37.75
29.12.2020 14:22:00.000,1.27956,1.27961,1.27947,1.27957,68.06
29.12.2020 14:23:00.000,1.27956,1.27963,1.27947,1.27950,67.61
29.12.2020 14:24:00.000,1.27949,1.27955,1.27936,1.27953,59.64
29.12.2020 14:25:00.000,1.27949,1.27962,1.27948,1.27959,73.09
29.12.2020 14:26:00.000,1.27955,1.27971,1.27955,1.27967,62.5
29.12.2020 14:27:00.000,1.27963,1.27964,1.27946,1.27947,26.75
29.12.2020 14:28:00.000,1.27942,1.27952,1.27942,1.27946,39.8
29.12.2020 14:29:00.000,1.27946,1.27950,1.27945,1.27948,15.6
29.12.2020 14:30:00.000,1.27952,1.27974,1.27947,1.27951,193.96
29.12.2020 14:31:00.000,1.27950,1.27953,1.27911,1.27929,176.81
29.12.2020 14:32:00.000,1.27928,1.27930,1.27910,1.27918,99.11
29.12.2020 14:33:00.000,1.27918,1.27921,1.27898,1.27917,127.94
29.12.2020 14:34:00.000,1.27914,1.27917,1.27893,1.27896,84.8
29.12.2020 14:35:00.000,1.27900,1.27908,1.27887,1.27895,129.83
29.12.2020 14:36:00.000,1.27893,1.27904,1.27890,1.27897,75.99
29.12.2020 14:37:00.000,1.27899,1.27943,1.27896,1.27942,125.02
29.12.2020 14:38:00.000,1.27942,1.27955,1.27942,1.27955,62.54
29.12.2020 14:39:00.000,1.27954,1.27967,1.27940,1.27965,104.62
29.12.2020 14:40:00.000,1.27961,1.27973,1.27955,1.27973,72.87
29.12.2020 14:41:00.000,1.27972,1.27973,1.27945,1.27949,125.77
29.12.2020 14:42:00.000,1.27951,1.27962,1.27946,1.27961,139.34
29.12.2020 14:43:00.000,1.27962,1.27969,1.27949,1.27949,73.98
29.12.2020 14:44:00.000,1.27949,1.27956,1.27939,1.27943,84.81
29.12.2020 14:45:00.000,1.27942,1.27942,1.27920,1.27920,66.5
29.12.2020 14:46:00.000,1.27921,1.27921,1.27869,1.27877,134.39
29.12.2020 14:47:00.000,1.27880,1.27901,1.27874,1.27878,106.68
29.12.2020 14:48:00.000,1.27877,1.27877,1.27814,1.27828,167.03
29.12.2020 14:49:00.000,1.27826,1.27832,1.27821,1.27832,60.72
29.12.2020 14:50:00.000,1.27826,1.27828,1.27797,1.27798,91.55
29.12.2020 14:51:00.000,1.27802,1.27848,1.27802,1.27820,141.42
29.12.2020 14:52:00.000,1.27821,1.27826,1.27798,1.27804,141.27
29.12.2020 14:53:00.000,1.27805,1.27859,1.27805,1.27843,140.01
29.12.2020 14:54:00.000,1.27843,1.27854,1.27837,1.27853,116.02
29.12.2020 14:55:00.000,1.27853,1.27929,1.27853,1.27929,114.45
29.12.2020 14:56:00.000,1.27931,1.28025,1.27931,1.28019,283.32
29.12.2020 14:57:00.000,1.28021,1.28051,1.28019,1.28033,150.85
29.12.2020 14:58:00.000,1.28033,1.28044,1.28001,1.28035,151.97
29.12.2020 14:59:00.000,1.28035,1.28035,1.27990,1.27995,201.74
29.12.2020 15:00:00.000,1.27999,1.28000,1.27951,1.27951,165.72
29.12.2020 15:01:00.000,1.27951,1.28027,1.27951,1.28007,163.18
29.12.2020 15:02:00.000,1.28006,1.28021,1.27975,1.27978,127.28
29.12.2020 15:03:00.000,1.27976,1.27994,1.27973,1.27989,128.77
29.12.2020 15:04:00.000,1.27988,1.28013,1.27984,1.28001,84.09
29.12.2020 15:05:00.000,1.28001,1.28044,1.28001,1.28030,145.56
29.12.2020 15:06:00.000,1.28029,1.28034,1.28008,1.28008,87.25
29.12.2020 15:07:00.000,1.28008,1.28013,1.27997,1.28005,120.33
29.12.2020 15:08:00.000,1.28007,1.28017,1.27991,1.28001,110.2
29.12.2020 15:09:00.000,1.28007,1.28010,1.27991,1.27997,108.01
29.12.2020 15:10:00.000,1.28001,1.28019,1.27997,1.28019,64.95
29.12.2020 15:11:00.000,1.28022,1.28053,1.28020,1.28049,104.14
29.12.2020 15:12:00.000,1.28051,1.28116,1.28051,1.28116,104.22
29.12.2020 15:13:00.000,1.28116,1.28132,1.28109,1.28132,178.68
29.12.2020 15:14:00.000,1.28133,1.28148,1.28116,1.28140,166.16
29.12.2020 15:15:00.000,1.28138,1.28183,1.28129,1.28170,164.7
29.12.2020 15:16:00.000,1.28171,1.28175,1.28134,1.28148,219.77
29.12.2020 15:17:00.000,1.28148,1.28163,1.28135,1.28135,144.97
29.12.2020 15:18:00.000,1.28137,1.28160,1.28137,1.28157,115.96
29.12.2020 15:19:00.000,1.28156,1.28156,1.28140,1.28147,113.66
29.12.2020 15:20:00.000,1.28147,1.28157,1.28131,1.28132,79.73
29.12.2020 15:21:00.000,1.28131,1.28131,1.28083,1.28083,122.55
29.12.2020 15:22:00.000,1.28084,1.28090,1.28066,1.28066,189.45
29.12.2020 15:23:00.000,1.28065,1.28102,1.28064,1.28075,170.15
29.12.2020 15:24:00.000,1.28076,1.28090,1.28066,1.28084,120.76
29.12.2020 15:25:00.000,1.28083,1.28085,1.28066,1.28067,103.39
29.12.2020 15:26:00.000,1.28067,1.28082,1.28061,1.28077,157.58
29.12.2020 15:27:00.000,1.28077,1.28113,1.28068,1.28091,228.17
29.12.2020 15:28:00.000,1.28090,1.28126,1.28090,1.28119,116.33
29.12.2020 15:29:00.000,1.28118,1.28154,1.28110,1.28139,186.87
29.12.2020 15:30:00.000,1.28138,1.28138,1.28106,1.28111,97.2
29.12.2020 15:31:00.000,1.28111,1.28127,1.28078,1.28080,138.4
29.12.2020 15:32:00.000,1.28078,1.28102,1.28069,1.28101,121.08
29.12.2020 15:33:00.000,1.28101,1.28105,1.28066,1.28070,106.57
29.12.2020 15:34:00.000,1.28071,1.28074,1.28049,1.28063,97.88
29.12.2020 15:35:00.000,1.28061,1.28064,1.28048,1.28050,62.07
29.12.2020 15:36:00.000,1.28051,1.28062,1.28047,1.28056,77.44
29.12.2020 15:37:00.000,1.28055,1.28057,1.28037,1.28038,134.75
29.12.2020 15:38:00.000,1.28037,1.28049,1.28018,1.28029,184.25
29.12.2020 15:39:00.000,1.28029,1.28048,1.28022,1.28046,114.22
29.12.2020 15:40:00.000,1.28044,1.28059,1.28043,1.28058,82.44
29.12.2020 15:41:00.000,1.28058,1.28058,1.28027,1.28043,129.12
29.12.2020 15:42:00.000,1.28042,1.28059,1.28027,1.28058,90.05
29.12.2020 15:43:00.000,1.28060,1.28063,1.28041,1.28054,63.25
29.12.2020 15:44:00.000,1.28053,1.28064,1.28040,1.28040,121.68
29.12.2020 15:45:00.000,1.28041,1.28068,1.28041,1.28051,136.33
29.12.2020 15:46:00.000,1.28046,1.28046,1.28000,1.28027,116.45
29.12.2020 15:47:00.000,1.28025,1.28084,1.28019,1.28077,144.72
29.12.2020 15:48:00.000,1.28077,1.28103,1.28077,1.28103,60.5
29.12.2020 15:49:00.000,1.28102,1.28102,1.28091,1.28101,43.96
29.12.2020 15:50:00.000,1.28101,1.28101,1.28076,1.28076,86.09
29.12.2020 15:51:00.000,1.28074,1.28076,1.28057,1.28064,110.68
29.12.2020 15:52:00.000,1.28065,1.28073,1.28059,1.28066,74.35
29.12.2020 15:53:00.000,1.28067,1.28087,1.28060,1.28085,56.85
29.12.2020 15:54:00.000,1.28084,1.28085,1.28058,1.28061,46.88
29.12.2020 15:55:00.000,1.28062,1.28082,1.28060,1.28077,61.75
29.12.2020 15:56:00.000,1.28076,1.28117,1.28076,1.28116,73
29.12.2020 15:57:00.000,1.28115,1.28122,1.28052,1.28069,169.38
29.12.2020 15:58:00.000,1.28070,1.28070,1.28020,1.28029,182.24
29.12.2020 15:59:00.000,1.28031,1.28031,1.27964,1.28021,203.76
29.12.2020 16:00:00.000,1.28019,1.28024,1.27999,1.28003,194.21
29.12.2020 16:01:00.000,1.28005,1.28006,1.27961,1.27973,218.25
29.12.2020 16:02:00.000,1.27971,1.28003,1.27949,1.28003,180.49
29.12.2020 16:03:00.000,1.28004,1.28055,1.28003,1.28054,119
29.12.2020 16:04:00.000,1.28058,1.28058,1.28034,1.28043,82.75
29.12.2020 16:05:00.000,1.28041,1.28058,1.28016,1.28049,107.42
29.12.2020 16:06:00.000,1.28048,1.28074,1.28040,1.28057,94.02
29.12.2020 16:07:00.000,1.28057,1.28060,1.28023,1.28023,97.89
29.12.2020 16:08:00.000,1.28023,1.28028,1.28007,1.28008,82.95
29.12.2020 16:09:00.000,1.28009,1.28021,1.27990,1.27995,62.57
29.12.2020 16:10:00.000,1.27996,1.28004,1.27990,1.27996,104.32
29.12.2020 16:11:00.000,1.27998,1.28004,1.27991,1.28002,40.79
29.12.2020 16:12:00.000,1.28001,1.28001,1.27989,1.27994,131.38
29.12.2020 16:13:00.000,1.27995,1.28013,1.27992,1.28006,104.46
29.12.2020 16:14:00.000,1.28005,1.28020,1.28000,1.28019,101.74
29.12.2020 16:15:00.000,1.28018,1.28020,1.28003,1.28013,98.31
29.12.2020 16:16:00.000,1.28013,1.28050,1.28013,1.28031,91.59
29.12.2020 16:17:00.000,1.28031,1.28046,1.28026,1.28031,59.79
29.12.2020 16:18:00.000,1.28032,1.28076,1.28032,1.28053,88.72
29.12.2020 16:19:00.000,1.28054,1.28071,1.28028,1.28029,113.99
29.12.2020 16:20:00.000,1.28028,1.28038,1.28017,1.28026,73.04
29.12.2020 16:21:00.000,1.28024,1.28034,1.28015,1.28033,53.06
29.12.2020 16:22:00.000,1.28033,1.28049,1.28016,1.28023,102.36
29.12.2020 16:23:00.000,1.28025,1.28029,1.28016,1.28029,59.35
29.12.2020 16:24:00.000,1.28029,1.28041,1.28027,1.28028,54.73
29.12.2020 16:25:00.000,1.28028,1.28029,1.28015,1.28021,70.65
29.12.2020 16:26:00.000,1.28018,1.28018,1.27996,1.28005,96.71
29.12.2020 16:27:00.000,1.28005,1.28012,1.27997,1.28011,59.65
29.12.2020 16:28:00.000,1.28011,1.28011,1.27996,1.28005,55.1
29.12.2020 16:29:00.000,1.28005,1.28012,1.27995,1.27995,67.5
29.12.2020 16:30:00.000,1.27997,1.28001,1.27955,1.27955,100.3
29.12.2020 16:31:00.000,1.27956,1.27956,1.27944,1.27951,103.87
29.12.2020 16:32:00.000,1.27950,1.27992,1.27949,1.27983,78.99
29.12.2020 16:33:00.000,1.27985,1.27991,1.27966,1.27980,92.67
29.12.2020 16:34:00.000,1.27977,1.27998,1.27977,1.27998,63.27
29.12.2020 16:35:00.000,1.27998,1.28012,1.27966,1.27966,110.99
29.12.2020 16:36:00.000,1.27967,1.27970,1.27950,1.27963,94.55
29.12.2020 16:37:00.000,1.27967,1.27968,1.27947,1.27949,59.56
29.12.2020 16:38:00.000,1.27949,1.27973,1.27947,1.27973,113.42
29.12.2020 16:39:00.000,1.27972,1.27987,1.27969,1.27981,85.99
29.12.2020 16:40:00.000,1.27981,1.27987,1.27976,1.27980,68.49
29.12.2020 16:41:00.000,1.27984,1.28016,1.27984,1.28016,88.98
29.12.2020 16:42:00.000,1.28019,1.28022,1.28003,1.28015,80.08
29.12.2020 16:43:00.000,1.28014,1.28016,1.27998,1.28008,65.17
29.12.2020 16:44:00.000,1.28007,1.28012,1.28000,1.28007,54.98
29.12.2020 16:45:00.000,1.28008,1.28014,1.28004,1.28013,32.84
29.12.2020 16:46:00.000,1.28013,1.28013,1.27954,1.27956,95.85
29.12.2020 16:47:00.000,1.27960,1.27970,1.27955,1.27955,46.9
29.12.2020 16:48:00.000,1.27953,1.27963,1.27942,1.27947,80.92
29.12.2020 16:49:00.000,1.27946,1.27961,1.27946,1.27956,47.38
29.12.2020 16:50:00.000,1.27955,1.27956,1.27940,1.27950,56.63
29.12.2020 16:51:00.000,1.27951,1.27964,1.27949,1.27963,49.54
29.12.2020 16:52:00.000,1.27964,1.27977,1.27959,1.27965,80.92
29.12.2020 16:53:00.000,1.27967,1.27969,1.27963,1.27968,42.47
29.12.2020 16:54:00.000,1.27971,1.27978,1.27956,1.27957,60.3
29.12.2020 16:55:00.000,1.27955,1.27958,1.27919,1.27930,118.31
29.12.2020 16:56:00.000,1.27930,1.27941,1.27915,1.27938,119.98
29.12.2020 16:57:00.000,1.27938,1.27965,1.27930,1.27956,83.92
29.12.2020 16:58:00.000,1.27953,1.27956,1.27931,1.27956,71.64
29.12.2020 16:59:00.000,1.27955,1.27958,1.27927,1.27945,97.09
29.12.2020 17:00:00.000,1.27945,1.27945,1.27928,1.27931,81.39
29.12.2020 17:01:00.000,1.27929,1.27947,1.27929,1.27934,81.56
29.12.2020 17:02:00.000,1.27935,1.27939,1.27920,1.27938,66.62
29.12.2020 17:03:00.000,1.27936,1.27936,1.27917,1.27922,58.21
29.12.2020 17:04:00.000,1.27923,1.27923,1.27907,1.27918,75.64
29.12.2020 17:05:00.000,1.27916,1.27917,1.27892,1.27899,84.28
29.12.2020 17:06:00.000,1.27898,1.27898,1.27891,1.27897,35.77
29.12.2020 17:07:00.000,1.27898,1.27898,1.27876,1.27876,65.75
29.12.2020 17:08:00.000,1.27872,1.27875,1.27872,1.27874,36.64
29.12.2020 17:09:00.000,1.27874,1.27877,1.27850,1.27868,59.75
29.12.2020 17:10:00.000,1.27868,1.27910,1.27868,1.27908,53.58
29.12.2020 17:11:00.000,1.27908,1.27923,1.27908,1.27923,45.58
29.12.2020 17:12:00.000,1.27928,1.27950,1.27928,1.27933,87.17
29.12.2020 17:13:00.000,1.27933,1.27949,1.27932,1.27934,51.23
29.12.2020 17:14:00.000,1.27933,1.27941,1.27920,1.27926,33.45
29.12.2020 17:15:00.000,1.27924,1.27944,1.27885,1.27910,81.88
29.12.2020 17:16:00.000,1.27910,1.27919,1.27893,1.27893,60.1
29.12.2020 17:17:00.000,1.27894,1.27899,1.27868,1.27870,55.6
29.12.2020 17:18:00.000,1.27869,1.27877,1.27858,1.27876,71.6
29.12.2020 17:19:00.000,1.27878,1.27913,1.27876,1.27913,41.32
29.12.2020 17:20:00.000,1.27916,1.27920,1.27889,1.27889,43.97
29.12.2020 17:21:00.000,1.27890,1.27912,1.27886,1.27907,99.47
29.12.2020 17:22:00.000,1.27913,1.27918,1.27905,1.27909,96.52
29.12.2020 17:23:00.000,1.27909,1.27998,1.27909,1.27988,127.23
29.12.2020 17:24:00.000,1.27990,1.28017,1.27975,1.28017,116.92
29.12.2020 17:25:00.000,1.28017,1.28044,1.28008,1.28034,115.86
29.12.2020 17:26:00.000,1.28034,1.28047,1.28014,1.28018,102.61
29.12.2020 17:27:00.000,1.28016,1.28061,1.28016,1.28042,117.51
29.12.2020 17:28:00.000,1.28042,1.28064,1.28042,1.28061,52.39
29.12.2020 17:29:00.000,1.28067,1.28084,1.28067,1.28072,62.36
29.12.2020 17:30:00.000,1.28072,1.28093,1.28069,1.28091,58.74
29.12.2020 17:31:00.000,1.28091,1.28100,1.28067,1.28072,104.52
29.12.2020 17:32:00.000,1.28072,1.28078,1.28061,1.28065,59.85
29.12.2020 17:33:00.000,1.28070,1.28090,1.28056,1.28087,72.33
29.12.2020 17:34:00.000,1.28088,1.28089,1.28073,1.28076,91.31
29.12.2020 17:35:00.000,1.28076,1.28076,1.28054,1.28061,86.99
29.12.2020 17:36:00.000,1.28057,1.28062,1.28047,1.28048,44.5
29.12.2020 17:37:00.000,1.28042,1.28062,1.28038,1.28056,67.88
29.12.2020 17:38:00.000,1.28056,1.28064,1.28054,1.28064,35.11
29.12.2020 17:39:00.000,1.28068,1.28082,1.28063,1.28082,85.24
29.12.2020 17:40:00.000,1.28082,1.28082,1.28066,1.28072,63.1
29.12.2020 17:41:00.000,1.28071,1.28081,1.28070,1.28076,54.97
29.12.2020 17:42:00.000,1.28077,1.28077,1.28056,1.28077,78.8
29.12.2020 17:43:00.000,1.28077,1.28083,1.28069,1.28072,57.44
29.12.2020 17:44:00.000,1.28074,1.28074,1.28056,1.28064,75.36
29.12.2020 17:45:00.000,1.28067,1.28078,1.28065,1.28078,53
29.12.2020 17:46:00.000,1.28078,1.28086,1.28071,1.28079,58.72
29.12.2020 17:47:00.000,1.28080,1.28156,1.28080,1.28149,100.45
29.12.2020 17:48:00.000,1.28154,1.28173,1.28151,1.28151,98.98
29.12.2020 17:49:00.000,1.28153,1.28161,1.28132,1.28153,108.75
29.12.2020 17:50:00.000,1.28153,1.28171,1.28151,1.28171,90.49
29.12.2020 17:51:00.000,1.28171,1.28171,1.28151,1.28167,83.87
29.12.2020 17:52:00.000,1.28166,1.28173,1.28157,1.28168,71.27
29.12.2020 17:53:00.000,1.28168,1.28179,1.28163,1.28169,103.17
29.12.2020 17:54:00.000,1.28169,1.28180,1.28165,1.28171,38.88
29.12.2020 17:55:00.000,1.28170,1.28176,1.28160,1.28173,54.62
29.12.2020 17:56:00.000,1.28173,1.28183,1.28165,1.28173,50.07
29.12.2020 17:57:00.000,1.28171,1.28171,1.28148,1.28151,61.12
29.12.2020 17:58:00.000,1.28152,1.28158,1.28142,1.28148,89.61
29.12.2020 17:59:00.000,1.28148,1.28163,1.28147,1.28156,59.81
29.12.2020 18:00:00.000,1.28159,1.28162,1.28146,1.28153,64.87
29.12.2020 18:01:00.000,1.28154,1.28162,1.28146,1.28157,70.31
29.12.2020 18:02:00.000,1.28157,1.28171,1.28157,1.28168,103.79
29.12.2020 18:03:00.000,1.28169,1.28170,1.28163,1.28169,33.37
29.12.2020 18:04:00.000,1.28169,1.28185,1.28169,1.28179,41.56
29.12.2020 18:05:00.000,1.28178,1.28181,1.28165,1.28166,82.6
29.12.2020 18:06:00.000,1.28166,1.28180,1.28166,1.28178,139.17
29.12.2020 18:07:00.000,1.28181,1.28191,1.28177,1.28177,114.45
29.12.2020 18:08:00.000,1.28177,1.28183,1.28160,1.28160,92.71
29.12.2020 18:09:00.000,1.28160,1.28161,1.28127,1.28143,182.26
29.12.2020 18:10:00.000,1.28143,1.28162,1.28137,1.28154,145.44
29.12.2020 18:11:00.000,1.28158,1.28159,1.28143,1.28158,141.95
29.12.2020 18:12:00.000,1.28159,1.28166,1.28134,1.28144,118.13
29.12.2020 18:13:00.000,1.28144,1.28176,1.28134,1.28176,132.96
29.12.2020 18:14:00.000,1.28171,1.28171,1.28149,1.28164,94.05
29.12.2020 18:15:00.000,1.28167,1.28169,1.28154,1.28159,80.27
29.12.2020 18:16:00.000,1.28159,1.28161,1.28149,1.28161,71.71
29.12.2020 18:17:00.000,1.28160,1.28160,1.28146,1.28146,82.41
29.12.2020 18:18:00.000,1.28146,1.28151,1.28137,1.28144,50.68
29.12.2020 18:19:00.000,1.28145,1.28152,1.28140,1.28140,72.52
29.12.2020 18:20:00.000,1.28142,1.28143,1.28120,1.28128,95.77
29.12.2020 18:21:00.000,1.28127,1.28142,1.28123,1.28139,52.81
29.12.2020 18:22:00.000,1.28138,1.28138,1.28109,1.28110,115.9
29.12.2020 18:23:00.000,1.28110,1.28115,1.28095,1.28108,104.8
29.12.2020 18:24:00.000,1.28108,1.28134,1.28108,1.28125,130.71
29.12.2020 18:25:00.000,1.28123,1.28130,1.28118,1.28127,48.99
29.12.2020 18:26:00.000,1.28126,1.28126,1.28102,1.28105,78.37
29.12.2020 18:27:00.000,1.28103,1.28111,1.28101,1.28104,95.13
29.12.2020 18:28:00.000,1.28104,1.28110,1.28094,1.28110,101.52
29.12.2020 18:29:00.000,1.28109,1.28117,1.28105,1.28111,40.74
29.12.2020 18:30:00.000,1.28114,1.28136,1.28113,1.28136,24.57
29.12.2020 18:31:00.000,1.28133,1.28134,1.28122,1.28132,48.5
29.12.2020 18:32:00.000,1.28132,1.28145,1.28130,1.28138,50.5
29.12.2020 18:33:00.000,1.28138,1.28138,1.28120,1.28120,41.56
29.12.2020 18:34:00.000,1.28120,1.28124,1.28108,1.28110,32.5
29.12.2020 18:35:00.000,1.28105,1.28125,1.28103,1.28125,31.6
29.12.2020 18:36:00.000,1.28124,1.28136,1.28124,1.28127,55.5
29.12.2020 18:37:00.000,1.28128,1.28136,1.28122,1.28136,43.06
29.12.2020 18:38:00.000,1.28142,1.28153,1.28142,1.28153,75.2
29.12.2020 18:39:00.000,1.28158,1.28163,1.28147,1.28153,37.38
29.12.2020 18:40:00.000,1.28151,1.28152,1.28144,1.28146,97.54
29.12.2020 18:41:00.000,1.28150,1.28152,1.28143,1.28144,100.75
29.12.2020 18:42:00.000,1.28144,1.28148,1.28141,1.28144,20.42
29.12.2020 18:43:00.000,1.28145,1.28152,1.28138,1.28143,104.55
29.12.2020 18:44:00.000,1.28145,1.28152,1.28143,1.28152,82.8
29.12.2020 18:45:00.000,1.28151,1.28165,1.28146,1.28161,32.05
29.12.2020 18:46:00.000,1.28161,1.28167,1.28144,1.28146,87.1
29.12.2020 18:47:00.000,1.28147,1.28176,1.28145,1.28175,99.45
29.12.2020 18:48:00.000,1.28174,1.28179,1.28158,1.28172,91.82
29.12.2020 18:49:00.000,1.28172,1.28193,1.28172,1.28180,55.69
29.12.2020 18:50:00.000,1.28180,1.28193,1.28178,1.28178,46.25
29.12.2020 18:51:00.000,1.28178,1.28178,1.28154,1.28163,82.69
29.12.2020 18:52:00.000,1.28162,1.28182,1.28161,1.28179,68.69
29.12.2020 18:53:00.000,1.28178,1.28179,1.28159,1.28162,104.86
29.12.2020 18:54:00.000,1.28161,1.28161,1.28135,1.28135,90.19
29.12.2020 18:55:00.000,1.28136,1.28138,1.28127,1.28133,72.13
29.12.2020 18:56:00.000,1.28134,1.28143,1.28130,1.28137,67.81
29.12.2020 18:57:00.000,1.28137,1.28147,1.28136,1.28138,36.44
29.12.2020 18:58:00.000,1.28138,1.28138,1.28121,1.28121,116
29.12.2020 18:59:00.000,1.28122,1.28136,1.28120,1.28121,69.77
29.12.2020 19:00:00.000,1.28119,1.28124,1.28109,1.28111,58.23
29.12.2020 19:01:00.000,1.28110,1.28128,1.28110,1.28124,97.84
29.12.2020 19:02:00.000,1.28121,1.28149,1.28117,1.28143,106.56
29.12.2020 19:03:00.000,1.28141,1.28142,1.28130,1.28132,67.19
29.12.2020 19:04:00.000,1.28130,1.28136,1.28127,1.28132,68.1
29.12.2020 19:05:00.000,1.28130,1.28130,1.28121,1.28124,52.78
29.12.2020 19:06:00.000,1.28126,1.28126,1.28109,1.28110,47.06
29.12.2020 19:07:00.000,1.28110,1.28127,1.28107,1.28114,71.48
29.12.2020 19:08:00.000,1.28115,1.28116,1.28089,1.28089,74.18
29.12.2020 19:09:00.000,1.28089,1.28107,1.28088,1.28107,45.17
29.12.2020 19:10:00.000,1.28112,1.28121,1.28098,1.28117,55.25
29.12.2020 19:11:00.000,1.28119,1.28119,1.28113,1.28115,53.94
29.12.2020 19:12:00.000,1.28114,1.28114,1.28092,1.28096,39.08
29.12.2020 19:13:00.000,1.28094,1.28112,1.28094,1.28105,45.73
29.12.2020 19:14:00.000,1.28106,1.28122,1.28104,1.28117,64.22
29.12.2020 19:15:00.000,1.28117,1.28124,1.28096,1.28119,109.21
29.12.2020 19:16:00.000,1.28120,1.28141,1.28111,1.28135,87.81
29.12.2020 19:17:00.000,1.28132,1.28147,1.28132,1.28137,30
29.12.2020 19:18:00.000,1.28140,1.28142,1.28122,1.28123,73.7
29.12.2020 19:19:00.000,1.28123,1.28133,1.28121,1.28129,67.36
29.12.2020 19:20:00.000,1.28129,1.28139,1.28129,1.28139,27.55
29.12.2020 19:21:00.000,1.28139,1.28157,1.28138,1.28152,62.37
29.12.2020 19:22:00.000,1.28154,1.28155,1.28140,1.28149,87.69
29.12.2020 19:23:00.000,1.28150,1.28163,1.28142,1.28143,61.62
29.12.2020 19:24:00.000,1.28141,1.28146,1.28130,1.28130,52.97
29.12.2020 19:25:00.000,1.28129,1.28140,1.28125,1.28139,53.99
29.12.2020 19:26:00.000,1.28138,1.28146,1.28130,1.28138,55.31
29.12.2020 19:27:00.000,1.28138,1.28138,1.28120,1.28131,100.24
29.12.2020 19:28:00.000,1.28130,1.28130,1.28120,1.28125,52
29.12.2020 19:29:00.000,1.28125,1.28142,1.28120,1.28123,57.43
29.12.2020 19:30:00.000,1.28122,1.28122,1.28104,1.28105,112.95
29.12.2020 19:31:00.000,1.28104,1.28110,1.28075,1.28088,89.85
29.12.2020 19:32:00.000,1.28087,1.28090,1.28080,1.28087,52.56
29.12.2020 19:33:00.000,1.28087,1.28096,1.28080,1.28087,68.11
29.12.2020 19:34:00.000,1.28093,1.28094,1.28077,1.28080,52.08
29.12.2020 19:35:00.000,1.28081,1.28097,1.28080,1.28094,41.54
29.12.2020 19:36:00.000,1.28096,1.28110,1.28094,1.28099,87.53
29.12.2020 19:37:00.000,1.28098,1.28098,1.28082,1.28083,28.87
29.12.2020 19:38:00.000,1.28084,1.28102,1.28083,1.28097,42.11
29.12.2020 19:39:00.000,1.28096,1.28103,1.28081,1.28081,55.62
29.12.2020 19:40:00.000,1.28079,1.28088,1.28076,1.28082,42.25
29.12.2020 19:41:00.000,1.28080,1.28098,1.28079,1.28098,36.8
29.12.2020 19:42:00.000,1.28097,1.28098,1.28080,1.28080,41.5
29.12.2020 19:43:00.000,1.28077,1.28084,1.28071,1.28079,60.35
29.12.2020 19:44:00.000,1.28079,1.28082,1.28070,1.28081,49.91
29.12.2020 19:45:00.000,1.28074,1.28074,1.28057,1.28068,56.56
29.12.2020 19:46:00.000,1.28067,1.28081,1.28056,1.28058,81.94
29.12.2020 19:47:00.000,1.28059,1.28070,1.28047,1.28062,180.56
29.12.2020 19:48:00.000,1.28063,1.28079,1.28063,1.28077,121.05
29.12.2020 19:49:00.000,1.28078,1.28104,1.28074,1.28102,127.12
29.12.2020 19:50:00.000,1.28102,1.28105,1.28073,1.28074,103.37
29.12.2020 19:51:00.000,1.28072,1.28073,1.28063,1.28065,37.19
29.12.2020 19:52:00.000,1.28066,1.28079,1.28059,1.28078,67.74
29.12.2020 19:53:00.000,1.28080,1.28080,1.28073,1.28077,49.25
29.12.2020 19:54:00.000,1.28077,1.28078,1.28057,1.28065,71.09
29.12.2020 19:55:00.000,1.28068,1.28092,1.28064,1.28072,75.59
29.12.2020 19:56:00.000,1.28071,1.28102,1.28070,1.28098,52.87
29.12.2020 19:57:00.000,1.28099,1.28102,1.28087,1.28089,41.88
29.12.2020 19:58:00.000,1.28089,1.28093,1.28079,1.28089,56.74
29.12.2020 19:59:00.000,1.28090,1.28126,1.28087,1.28121,204.24
29.12.2020 20:00:00.000,1.28121,1.28122,1.28110,1.28119,49.74
29.12.2020 20:01:00.000,1.28116,1.28116,1.28095,1.28095,66.36
29.12.2020 20:02:00.000,1.28095,1.28103,1.28087,1.28089,72.78
29.12.2020 20:03:00.000,1.28086,1.28089,1.28081,1.28081,26
29.12.2020 20:04:00.000,1.28082,1.28100,1.28081,1.28096,43.61
29.12.2020 20:05:00.000,1.28096,1.28103,1.28095,1.28098,35.87
29.12.2020 20:06:00.000,1.28096,1.28105,1.28094,1.28103,44.71
29.12.2020 20:07:00.000,1.28102,1.28108,1.28094,1.28102,55.06
29.12.2020 20:08:00.000,1.28103,1.28103,1.28093,1.28095,52.48
29.12.2020 20:09:00.000,1.28096,1.28099,1.28085,1.28089,46.18
29.12.2020 20:10:00.000,1.28087,1.28087,1.28067,1.28071,50.18
29.12.2020 20:11:00.000,1.28071,1.28076,1.28064,1.28070,57.74
29.12.2020 20:12:00.000,1.28073,1.28074,1.28068,1.28070,25
29.12.2020 20:13:00.000,1.28070,1.28090,1.28064,1.28088,54.37
29.12.2020 20:14:00.000,1.28090,1.28104,1.28088,1.28098,48.24
29.12.2020 20:15:00.000,1.28099,1.28099,1.28070,1.28071,65.5
29.12.2020 20:16:00.000,1.28074,1.28080,1.28071,1.28077,36
29.12.2020 20:17:00.000,1.28078,1.28081,1.28070,1.28076,29.94
29.12.2020 20:18:00.000,1.28075,1.28121,1.28073,1.28118,76.5
29.12.2020 20:19:00.000,1.28117,1.28117,1.28087,1.28102,70.87
29.12.2020 20:20:00.000,1.28102,1.28103,1.28089,1.28095,69.24
29.12.2020 20:21:00.000,1.28099,1.28111,1.28090,1.28101,72.86
29.12.2020 20:22:00.000,1.28096,1.28118,1.28091,1.28092,59.12
29.12.2020 20:23:00.000,1.28093,1.28104,1.28093,1.28102,32
29.12.2020 20:24:00.000,1.28103,1.28103,1.28088,1.28098,42
29.12.2020 20:25:00.000,1.28103,1.28107,1.28102,1.28103,11
29.12.2020 20:26:00.000,1.28107,1.28109,1.28095,1.28109,46.25
29.12.2020 20:27:00.000,1.28110,1.28119,1.28103,1.28119,59
29.12.2020 20:28:00.000,1.28118,1.28118,1.28103,1.28103,48
29.12.2020 20:29:00.000,1.28103,1.28104,1.28098,1.28098,15
29.12.2020 20:30:00.000,1.28102,1.28118,1.28098,1.28109,51.99
29.12.2020 20:31:00.000,1.28108,1.28118,1.28103,1.28118,42.81
29.12.2020 20:32:00.000,1.28117,1.28118,1.28109,1.28118,34.37
29.12.2020 20:33:00.000,1.28117,1.28117,1.28111,1.28111,29.37
29.12.2020 20:34:00.000,1.28113,1.28122,1.28101,1.28101,81.99
29.12.2020 20:35:00.000,1.28101,1.28104,1.28085,1.28085,48.69
29.12.2020 20:36:00.000,1.28085,1.28103,1.28085,1.28091,59.18
29.12.2020 20:37:00.000,1.28088,1.28092,1.28085,1.28089,65.18
29.12.2020 20:38:00.000,1.28090,1.28119,1.28086,1.28108,51.5
29.12.2020 20:39:00.000,1.28108,1.28108,1.28093,1.28108,81.55
29.12.2020 20:40:00.000,1.28107,1.28109,1.28099,1.28107,36.73
29.12.2020 20:41:00.000,1.28109,1.28118,1.28105,1.28115,41.86
29.12.2020 20:42:00.000,1.28117,1.28129,1.28117,1.28127,21.37
29.12.2020 20:43:00.000,1.28127,1.28132,1.28106,1.28106,54.19
29.12.2020 20:44:00.000,1.28108,1.28114,1.28099,1.28099,42.81
29.12.2020 20:45:00.000,1.28100,1.28108,1.28099,1.28108,14
29.12.2020 20:46:00.000,1.28109,1.28126,1.28107,1.28119,27.31
29.12.2020 20:47:00.000,1.28117,1.28117,1.28108,1.28108,35.99
29.12.2020 20:48:00.000,1.28104,1.28107,1.28097,1.28101,30
29.12.2020 20:49:00.000,1.28100,1.28114,1.28099,1.28109,31.74
29.12.2020 20:50:00.000,1.28108,1.28112,1.28102,1.28110,37.25
29.12.2020 20:51:00.000,1.28110,1.28110,1.28085,1.28094,54.31
29.12.2020 20:52:00.000,1.28092,1.28104,1.28091,1.28104,38.1
29.12.2020 20:53:00.000,1.28105,1.28133,1.28105,1.28125,58.6
29.12.2020 20:54:00.000,1.28125,1.28141,1.28124,1.28141,65.35
29.12.2020 20:55:00.000,1.28138,1.28147,1.28129,1.28138,37.86
29.12.2020 20:56:00.000,1.28142,1.28155,1.28141,1.28152,30.12
29.12.2020 20:57:00.000,1.28151,1.28163,1.28149,1.28162,48.5
29.12.2020 20:58:00.000,1.28163,1.28169,1.28161,1.28164,32.12
29.12.2020 20:59:00.000,1.28159,1.28159,1.28147,1.28150,65.33
29.12.2020 21:00:00.000,1.28149,1.28155,1.28146,1.28155,51.36
29.12.2020 21:01:00.000,1.28156,1.28157,1.28147,1.28153,27.37
29.12.2020 21:02:00.000,1.28154,1.28156,1.28145,1.28152,16.49
29.12.2020 21:03:00.000,1.28149,1.28149,1.28143,1.28143,9
29.12.2020 21:04:00.000,1.28145,1.28154,1.28144,1.28154,16.48
29.12.2020 21:05:00.000,1.28152,1.28153,1.28139,1.28145,15.36
29.12.2020 21:06:00.000,1.28146,1.28146,1.28135,1.28135,16.12
29.12.2020 21:07:00.000,1.28132,1.28134,1.28124,1.28129,20.4
29.12.2020 21:08:00.000,1.28130,1.28159,1.28129,1.28147,34.28
29.12.2020 21:09:00.000,1.28148,1.28149,1.28146,1.28146,8.23
29.12.2020 21:10:00.000,1.28146,1.28151,1.28142,1.28147,8.12
29.12.2020 21:11:00.000,1.28143,1.28144,1.28141,1.28141,9.87
29.12.2020 21:12:00.000,1.28142,1.28143,1.28127,1.28127,19.5
29.12.2020 21:13:00.000,1.28127,1.28129,1.28127,1.28129,3
29.12.2020 21:14:00.000,1.28127,1.28129,1.28121,1.28126,20.86
29.12.2020 21:15:00.000,1.28128,1.28133,1.28125,1.28126,18.75
29.12.2020 21:16:00.000,1.28126,1.28126,1.28122,1.28122,3.5
29.12.2020 21:17:00.000,1.28124,1.28128,1.28120,1.28121,32.24
29.12.2020 21:18:00.000,1.28120,1.28125,1.28120,1.28124,19.99
29.12.2020 21:19:00.000,1.28126,1.28129,1.28125,1.28125,15.87
29.12.2020 21:20:00.000,1.28125,1.28133,1.28125,1.28127,16
29.12.2020 21:21:00.000,1.28130,1.28133,1.28126,1.28126,31.5
29.12.2020 21:22:00.000,1.28127,1.28130,1.28121,1.28123,14.06
29.12.2020 21:23:00.000,1.28121,1.28127,1.28120,1.28127,12.5
29.12.2020 21:24:00.000,1.28126,1.28132,1.28126,1.28127,11.37
29.12.2020 21:25:00.000,1.28127,1.28127,1.28127,1.28127,1
29.12.2020 21:26:00.000,1.28128,1.28132,1.28127,1.28130,19.11
29.12.2020 21:27:00.000,1.28133,1.28143,1.28133,1.28143,15.62
29.12.2020 21:28:00.000,1.28144,1.28144,1.28139,1.28141,12.25
29.12.2020 21:29:00.000,1.28141,1.28144,1.28134,1.28143,38.98
29.12.2020 21:30:00.000,1.28143,1.28143,1.28129,1.28131,64.93
29.12.2020 21:31:00.000,1.28134,1.28136,1.28131,1.28136,11.12
29.12.2020 21:32:00.000,1.28136,1.28136,1.28128,1.28131,14.5
29.12.2020 21:33:00.000,1.28131,1.28135,1.28128,1.28130,18.62
29.12.2020 21:34:00.000,1.28129,1.28129,1.28129,1.28129,1.12
29.12.2020 21:35:00.000,1.28129,1.28129,1.28129,1.28129,0
29.12.2020 21:36:00.000,1.28132,1.28136,1.28132,1.28136,2
29.12.2020 21:37:00.000,1.28136,1.28139,1.28136,1.28137,11
29.12.2020 21:38:00.000,1.28136,1.28139,1.28133,1.28138,19.22
29.12.2020 21:39:00.000,1.28137,1.28143,1.28137,1.28141,24.6
29.12.2020 21:40:00.000,1.28143,1.28153,1.28140,1.28152,42.56
29.12.2020 21:41:00.000,1.28153,1.28162,1.28152,1.28152,24.65
29.12.2020 21:42:00.000,1.28152,1.28156,1.28150,1.28154,11.87
29.12.2020 21:43:00.000,1.28153,1.28156,1.28150,1.28156,10
29.12.2020 21:44:00.000,1.28153,1.28160,1.28153,1.28157,20
29.12.2020 21:45:00.000,1.28155,1.28160,1.28155,1.28159,22.86
29.12.2020 21:46:00.000,1.28159,1.28161,1.28150,1.28150,18.19
29.12.2020 21:47:00.000,1.28157,1.28158,1.28156,1.28158,4
29.12.2020 21:48:00.000,1.28158,1.28168,1.28157,1.28168,8
29.12.2020 21:49:00.000,1.28168,1.28175,1.28167,1.28172,36.42
29.12.2020 21:50:00.000,1.28175,1.28176,1.28169,1.28172,40.67
29.12.2020 21:51:00.000,1.28171,1.28175,1.28168,1.28175,13.7
29.12.2020 21:52:00.000,1.28175,1.28175,1.28170,1.28171,12.25
29.12.2020 21:53:00.000,1.28172,1.28172,1.28168,1.28171,30.09
29.12.2020 21:54:00.000,1.28171,1.28180,1.28169,1.28171,14.87
29.12.2020 21:55:00.000,1.28175,1.28185,1.28171,1.28171,41.82
29.12.2020 21:56:00.000,1.28170,1.28190,1.28170,1.28188,21.76
29.12.2020 21:57:00.000,1.28188,1.28188,1.28188,1.28188,6
29.12.2020 21:58:00.000,1.28188,1.28192,1.28174,1.28177,43.5
29.12.2020 21:59:00.000,1.28177,1.28177,1.28166,1.28166,8.5
29.12.2020 22:00:00.000,1.28167,1.28167,1.28159,1.28162,4.87
29.12.2020 22:01:00.000,1.28165,1.28170,1.28165,1.28165,2.62
29.12.2020 22:02:00.000,1.28162,1.28162,1.28161,1.28161,1.12
29.12.2020 22:03:00.000,1.28164,1.28171,1.28164,1.28171,2.25
29.12.2020 22:04:00.000,1.28171,1.28171,1.28171,1.28171,0
29.12.2020 22:05:00.000,1.28170,1.28170,1.28170,1.28170,0.75
29.12.2020 22:06:00.000,1.28170,1.28170,1.28170,1.28170,0
29.12.2020 22:07:00.000,1.28170,1.28170,1.28170,1.28170,0
29.12.2020 22:08:00.000,1.28174,1.28175,1.28174,1.28175,18.75
29.12.2020 22:09:00.000,1.28169,1.28173,1.28169,1.28173,1.5
29.12.2020 22:10:00.000,1.28169,1.28169,1.28166,1.28166,2
29.12.2020 22:11:00.000,1.28166,1.28166,1.28166,1.28166,0
29.12.2020 22:12:00.000,1.28166,1.28166,1.28166,1.28166,0
29.12.2020 22:13:00.000,1.28186,1.28186,1.28186,1.28186,0.39
29.12.2020 22:14:00.000,1.28167,1.28167,1.28167,1.28167,1.12
29.12.2020 22:15:00.000,1.28171,1.28171,1.28171,1.28171,1
29.12.2020 22:16:00.000,1.28172,1.28191,1.28172,1.28188,6.8
29.12.2020 22:17:00.000,1.28182,1.28182,1.28182,1.28182,1.38
29.12.2020 22:18:00.000,1.28182,1.28182,1.28182,1.28182,0
29.12.2020 22:19:00.000,1.28182,1.28182,1.28182,1.28182,0
29.12.2020 22:20:00.000,1.28182,1.28182,1.28182,1.28182,0
29.12.2020 22:21:00.000,1.28171,1.28171,1.28171,1.28171,3.58
29.12.2020 22:22:00.000,1.28181,1.28181,1.28181,1.28181,2.22
29.12.2020 22:23:00.000,1.28176,1.28182,1.28176,1.28181,10.82
29.12.2020 22:24:00.000,1.28181,1.28182,1.28156,1.28171,18.5
29.12.2020 22:25:00.000,1.28171,1.28171,1.28171,1.28171,0.72
29.12.2020 22:26:00.000,1.28156,1.28171,1.28156,1.28171,0.36
29.12.2020 22:27:00.000,1.28171,1.28171,1.28156,1.28171,0.72
29.12.2020 22:28:00.000,1.28156,1.28156,1.28156,1.28156,4.57
29.12.2020 22:29:00.000,1.28156,1.28174,1.28156,1.28173,7.47
29.12.2020 22:30:00.000,1.28177,1.28177,1.28175,1.28175,2
29.12.2020 22:31:00.000,1.28173,1.28173,1.28173,1.28173,1.5
29.12.2020 22:32:00.000,1.28173,1.28173,1.28173,1.28173,1
29.12.2020 22:33:00.000,1.28173,1.28173,1.28173,1.28173,0
29.12.2020 22:34:00.000,1.28173,1.28173,1.28173,1.28173,0
29.12.2020 22:35:00.000,1.28178,1.28178,1.28178,1.28178,1
29.12.2020 22:36:00.000,1.28184,1.28186,1.28184,1.28185,5.25
29.12.2020 22:37:00.000,1.28184,1.28184,1.28168,1.28168,4.75
29.12.2020 22:38:00.000,1.28173,1.28173,1.28173,1.28173,1
29.12.2020 22:39:00.000,1.28168,1.28169,1.28163,1.28163,7.13
29.12.2020 22:40:00.000,1.28171,1.28171,1.28171,1.28171,1.4
29.12.2020 22:41:00.000,1.28171,1.28173,1.28171,1.28173,2.2
29.12.2020 22:42:00.000,1.28173,1.28173,1.28173,1.28173,3
29.12.2020 22:43:00.000,1.28173,1.28174,1.28173,1.28173,3.5
29.12.2020 22:44:00.000,1.28173,1.28173,1.28173,1.28173,1
29.12.2020 22:45:00.000,1.28175,1.28180,1.28175,1.28178,4
29.12.2020 22:46:00.000,1.28183,1.28189,1.28183,1.28188,8
29.12.2020 22:47:00.000,1.28189,1.28197,1.28187,1.28193,9
29.12.2020 22:48:00.000,1.28193,1.28193,1.28192,1.28192,3
29.12.2020 22:49:00.000,1.28191,1.28201,1.28191,1.28201,16.5
29.12.2020 22:50:00.000,1.28201,1.28203,1.28201,1.28202,6
29.12.2020 22:51:00.000,1.28203,1.28203,1.28202,1.28202,12
29.12.2020 22:52:00.000,1.28202,1.28202,1.28201,1.28202,9
29.12.2020 22:53:00.000,1.28201,1.28202,1.28201,1.28201,6
29.12.2020 22:54:00.000,1.28201,1.28202,1.28201,1.28202,4
29.12.2020 22:55:00.000,1.28201,1.28202,1.28201,1.28201,9
29.12.2020 22:56:00.000,1.28202,1.28203,1.28202,1.28202,6
29.12.2020 22:57:00.000,1.28202,1.28204,1.28199,1.28200,11.5
29.12.2020 22:58:00.000,1.28199,1.28203,1.28199,1.28201,12.5
29.12.2020 22:59:00.000,1.28203,1.28204,1.28180,1.28183,21.24
29.12.2020 23:00:00.000,1.28188,1.28200,1.28188,1.28196,48.05
29.12.2020 23:01:00.000,1.28195,1.28205,1.28195,1.28204,56.38
29.12.2020 23:02:00.000,1.28204,1.28205,1.28195,1.28195,32.12
29.12.2020 23:03:00.000,1.28196,1.28196,1.28173,1.28181,56.19
29.12.2020 23:04:00.000,1.28182,1.28190,1.28180,1.28190,44.5
29.12.2020 23:05:00.000,1.28189,1.28190,1.28181,1.28184,51.69
29.12.2020 23:06:00.000,1.28184,1.28185,1.28181,1.28181,24.25
29.12.2020 23:07:00.000,1.28181,1.28185,1.28181,1.28181,11.49
29.12.2020 23:08:00.000,1.28180,1.28180,1.28171,1.28171,32.1
29.12.2020 23:09:00.000,1.28171,1.28171,1.28157,1.28157,19.11
29.12.2020 23:10:00.000,1.28156,1.28165,1.28156,1.28164,34.42
29.12.2020 23:11:00.000,1.28164,1.28165,1.28162,1.28164,10
29.12.2020 23:12:00.000,1.28164,1.28168,1.28163,1.28167,38.07
29.12.2020 23:13:00.000,1.28166,1.28166,1.28158,1.28158,20.25
29.12.2020 23:14:00.000,1.28158,1.28159,1.28155,1.28157,33
29.12.2020 23:15:00.000,1.28156,1.28169,1.28156,1.28167,18.25
29.12.2020 23:16:00.000,1.28166,1.28166,1.28159,1.28159,12
29.12.2020 23:17:00.000,1.28165,1.28166,1.28159,1.28159,13
29.12.2020 23:18:00.000,1.28160,1.28176,1.28159,1.28176,30
29.12.2020 23:19:00.000,1.28176,1.28178,1.28175,1.28177,112
29.12.2020 23:20:00.000,1.28177,1.28178,1.28177,1.28178,72
29.12.2020 23:21:00.000,1.28177,1.28178,1.28169,1.28169,33.25
29.12.2020 23:22:00.000,1.28169,1.28177,1.28169,1.28173,37.5
29.12.2020 23:23:00.000,1.28173,1.28186,1.28172,1.28184,57.5
29.12.2020 23:24:00.000,1.28185,1.28187,1.28171,1.28172,73.75
29.12.2020 23:25:00.000,1.28172,1.28174,1.28170,1.28170,35.5
29.12.2020 23:26:00.000,1.28170,1.28177,1.28170,1.28172,67.75
29.12.2020 23:27:00.000,1.28173,1.28173,1.28169,1.28172,17.75
29.12.2020 23:28:00.000,1.28176,1.28185,1.28174,1.28177,23.25
29.12.2020 23:29:00.000,1.28176,1.28180,1.28176,1.28178,15.44
29.12.2020 23:30:00.000,1.28179,1.28181,1.28174,1.28177,22.63
29.12.2020 23:31:00.000,1.28177,1.28182,1.28171,1.28171,9.5
29.12.2020 23:32:00.000,1.28172,1.28176,1.28172,1.28172,13.62
29.12.2020 23:33:00.000,1.28173,1.28179,1.28173,1.28178,7
29.12.2020 23:34:00.000,1.28180,1.28181,1.28174,1.28175,8.12
29.12.2020 23:35:00.000,1.28172,1.28175,1.28172,1.28175,5
29.12.2020 23:36:00.000,1.28175,1.28175,1.28175,1.28175,0
29.12.2020 23:37:00.000,1.28174,1.28174,1.28158,1.28165,18.5
29.12.2020 23:38:00.000,1.28164,1.28170,1.28160,1.28170,10
29.12.2020 23:39:00.000,1.28168,1.28168,1.28168,1.28168,1
29.12.2020 23:40:00.000,1.28172,1.28176,1.28172,1.28176,7
29.12.2020 23:41:00.000,1.28174,1.28174,1.28169,1.28173,16.31
29.12.2020 23:42:00.000,1.28173,1.28174,1.28170,1.28171,12.5
29.12.2020 23:43:00.000,1.28171,1.28171,1.28171,1.28171,0
29.12.2020 23:44:00.000,1.28175,1.28176,1.28175,1.28176,3
29.12.2020 23:45:00.000,1.28175,1.28175,1.28175,1.28175,1
29.12.2020 23:46:00.000,1.28174,1.28184,1.28172,1.28184,27.82
29.12.2020 23:47:00.000,1.28183,1.28183,1.28173,1.28173,14.92
29.12.2020 23:48:00.000,1.28173,1.28173,1.28173,1.28173,0
29.12.2020 23:49:00.000,1.28172,1.28184,1.28172,1.28180,25.51
29.12.2020 23:50:00.000,1.28180,1.28181,1.28180,1.28181,2.2
29.12.2020 23:51:00.000,1.28180,1.28183,1.28180,1.28182,5.99
29.12.2020 23:52:00.000,1.28178,1.28180,1.28177,1.28177,17.98
29.12.2020 23:53:00.000,1.28177,1.28185,1.28177,1.28185,7.1
29.12.2020 23:54:00.000,1.28185,1.28198,1.28185,1.28198,14.18
29.12.2020 23:55:00.000,1.28199,1.28218,1.28199,1.28218,20.45
29.12.2020 23:56:00.000,1.28215,1.28223,1.28215,1.28218,12.22
29.12.2020 23:57:00.000,1.28217,1.28218,1.28217,1.28217,195.94
29.12.2020 23:58:00.000,1.28217,1.28218,1.28217,1.28218,16.5
29.12.2020 23:59:00.000,1.28219,1.28224,1.28218,1.28220,19.56